site_id,MeanGageHeight,Discharge,alt_va,v_datum_type,streamorde,drain_sqkm,lat_gage,lng_gage
05518000,7.78,2350.0,627.94,NAVD88,5,4587.032,41.182813,-87.34031
05518000,7.24,2070.0,627.94,NAVD88,5,4587.032,41.182813,-87.34031
05518000,8.2,2650.0,627.94,NAVD88,5,4587.032,41.182813,-87.34031
05518000,4.11,768.0,627.94,NAVD88,5,4587.032,41.182813,-87.34031
05518000,3.78,662.0,627.94,NAVD88,5,4587.032,41.182813,-87.34031
05518000,5.16,1120.0,627.94,NAVD88,5,4587.032,41.182813,-87.34031
05518000,9.68,3560.0,627.94,NAVD88,5,4587.032,41.182813,-87.34031
05518000,11.01,4700.0,627.94,NAVD88,5,4587.032,41.182813,-87.34031
05518000,5.97,1500.0,627.94,NAVD88,5,4587.032,41.182813,-87.34031
05518000,3.91,788.0,627.94,NAVD88,5,4587.032,41.182813,-87.34031
05518000,3.84,713.0,627.94,NAVD88,5,4587.032,41.182813,-87.34031
05518000,4.36,869.0,627.94,NAVD88,5,4587.032,41.182813,-87.34031
05518000,8.81,2960.0,627.94,NAVD88,5,4587.032,41.182813,-87.34031
05518000,9.77,3740.0,627.94,NAVD88,5,4587.032,41.182813,-87.34031
05518000,7.02,2030.0,627.94,NAVD88,5,4587.032,41.182813,-87.34031
05518000,5.95,1420.0,627.94,NAVD88,5,4587.032,41.182813,-87.34031
05518000,2.61,326.0,627.94,NAVD88,5,4587.032,41.182813,-87.34031
05518000,3.75,697.0,627.94,NAVD88,5,4587.032,41.182813,-87.34031
05518000,4.05,714.0,627.94,NAVD88,5,4587.032,41.182813,-87.34031
05518000,4.51,861.0,627.94,NAVD88,5,4587.032,41.182813,-87.34031
05518000,7.3,2080.0,627.94,NAVD88,5,4587.032,41.182813,-87.34031
05518000,8.2,2670.0,627.94,NAVD88,5,4587.032,41.182813,-87.34031
05518000,6.95,1970.0,627.94,NAVD88,5,4587.032,41.182813,-87.34031
05518000,3.68,734.0,627.94,NAVD88,5,4587.032,41.182813,-87.34031
05518000,4.37,880.0,627.94,NAVD88,5,4587.032,41.182813,-87.34031
05518000,5.85,1380.0,627.94,NAVD88,5,4587.032,41.182813,-87.34031
05518000,9.27,3280.0,627.94,NAVD88,5,4587.032,41.182813,-87.34031
05518000,6.51,1780.0,627.94,NAVD88,5,4587.032,41.182813,-87.34031
05518000,11.83,5160.0,627.94,NAVD88,5,4587.032,41.182813,-87.34031
05518000,8.56,2850.0,627.94,NAVD88,5,4587.032,41.182813,-87.34031
05518000,10.12,3770.0,627.94,NAVD88,5,4587.032,41.182813,-87.34031
05518000,8.67,2890.0,627.94,NAVD88,5,4587.032,41.182813,-87.34031
05518000,6.62,1760.0,627.94,NAVD88,5,4587.032,41.182813,-87.34031
05518000,6.49,1760.0,627.94,NAVD88,5,4587.032,41.182813,-87.34031
05518000,6.55,1870.0,627.94,NAVD88,5,4587.032,41.182813,-87.34031
05518000,9.87,3630.0,627.94,NAVD88,5,4587.032,41.182813,-87.34031
05518000,12.71,5360.0,627.94,NAVD88,5,4587.032,41.182813,-87.34031
05518000,12.77,5260.0,627.94,NAVD88,5,4587.032,41.182813,-87.34031
05518000,12.92,5430.0,627.94,NAVD88,5,4587.032,41.182813,-87.34031
05518000,12.92,5280.0,627.94,NAVD88,5,4587.032,41.182813,-87.34031
05518000,12.92,5390.0,627.94,NAVD88,5,4587.032,41.182813,-87.34031
05518000,12.79,5370.0,627.94,NAVD88,5,4587.032,41.182813,-87.34031
05518000,12.79,5880.0,627.94,NAVD88,5,4587.032,41.182813,-87.34031
05518000,8.89,2930.0,627.94,NAVD88,5,4587.032,41.182813,-87.34031
05518000,6.56,1810.0,627.94,NAVD88,5,4587.032,41.182813,-87.34031
05518000,4.59,960.0,627.94,NAVD88,5,4587.032,41.182813,-87.34031
05518000,9.09,3340.0,627.94,NAVD88,5,4587.032,41.182813,-87.34031
05518000,7.98,2620.0,627.94,NAVD88,5,4587.032,41.182813,-87.34031
05518000,7.74,2490.0,627.94,NAVD88,5,4587.032,41.182813,-87.34031
05518000,6.28,1790.0,627.94,NAVD88,5,4587.032,41.182813,-87.34031
05518000,10.3,4040.0,627.94,NAVD88,5,4587.032,41.182813,-87.34031
05518000,7.14,2120.0,627.94,NAVD88,5,4587.032,41.182813,-87.34031
05518000,8.29,2760.0,627.94,NAVD88,5,4587.032,41.182813,-87.34031
05518000,8.28,2810.0,627.94,NAVD88,5,4587.032,41.182813,-87.34031
05518000,10.44,4300.0,627.94,NAVD88,5,4587.032,41.182813,-87.34031
05518000,6.03,1590.0,627.94,NAVD88,5,4587.032,41.182813,-87.34031
05518000,9.61,3600.0,627.94,NAVD88,5,4587.032,41.182813,-87.34031
05518000,4.02,758.0,627.94,NAVD88,5,4587.032,41.182813,-87.34031
05518000,7.18,1990.0,627.94,NAVD88,5,4587.032,41.182813,-87.34031
05518000,12.88,6240.0,627.94,NAVD88,5,4587.032,41.182813,-87.34031
05518000,13.25,6520.0,627.94,NAVD88,5,4587.032,41.182813,-87.34031
05518000,8.51,2800.0,627.94,NAVD88,5,4587.032,41.182813,-87.34031
05518000,5.8,1450.0,627.94,NAVD88,5,4587.032,41.182813,-87.34031
05518000,4.15,781.0,627.94,NAVD88,5,4587.032,41.182813,-87.34031
05518000,9.26,3390.0,627.94,NAVD88,5,4587.032,41.182813,-87.34031
05518000,8.27,2590.0,627.94,NAVD88,5,4587.032,41.182813,-87.34031
05518000,4.97,1110.0,627.94,NAVD88,5,4587.032,41.182813,-87.34031
05518000,6.35,1610.0,627.94,NAVD88,5,4587.032,41.182813,-87.34031
05518000,7.7,2350.0,627.94,NAVD88,5,4587.032,41.182813,-87.34031
05518000,10.38,3990.0,627.94,NAVD88,5,4587.032,41.182813,-87.34031
05518000,5.18,1200.0,627.94,NAVD88,5,4587.032,41.182813,-87.34031
05518000,3.91,701.0,627.94,NAVD88,5,4587.032,41.182813,-87.34031
05518000,7.79,2580.0,627.94,NAVD88,5,4587.032,41.182813,-87.34031
05518000,5.88,1490.0,627.94,NAVD88,5,4587.032,41.182813,-87.34031
05518000,4.15,798.0,627.94,NAVD88,5,4587.032,41.182813,-87.34031
05518000,6.8,1830.0,627.94,NAVD88,5,4587.032,41.182813,-87.34031
05518000,6.63,1750.0,627.94,NAVD88,5,4587.032,41.182813,-87.34031
05518000,7.32,2180.0,627.94,NAVD88,5,4587.032,41.182813,-87.34031
05518000,5.65,1360.0,627.94,NAVD88,5,4587.032,41.182813,-87.34031
05518000,3.57,552.0,627.94,NAVD88,5,4587.032,41.182813,-87.34031
05518000,3.81,586.0,627.94,NAVD88,5,4587.032,41.182813,-87.34031
05518000,4.68,919.0,627.94,NAVD88,5,4587.032,41.182813,-87.34031
05518000,8.99,3110.0,627.94,NAVD88,5,4587.032,41.182813,-87.34031
05518000,5.68,1380.0,627.94,NAVD88,5,4587.032,41.182813,-87.34031
05518000,4.57,936.0,627.94,NAVD88,5,4587.032,41.182813,-87.34031
05518000,3.69,645.0,627.94,NAVD88,5,4587.032,41.182813,-87.34031
05518000,5.06,1090.0,627.94,NAVD88,5,4587.032,41.182813,-87.34031
05518000,10.62,4380.0,627.94,NAVD88,5,4587.032,41.182813,-87.34031
05518000,7.95,2420.0,627.94,NAVD88,5,4587.032,41.182813,-87.34031
05518000,9.06,3270.0,627.94,NAVD88,5,4587.032,41.182813,-87.34031
05518000,4.76,1040.0,627.94,NAVD88,5,4587.032,41.182813,-87.34031
05518000,11.21,4440.0,627.94,NAVD88,5,4587.032,41.182813,-87.34031
05518000,3.82,666.0,627.94,NAVD88,5,4587.032,41.182813,-87.34031
05518000,3.94,704.0,627.94,NAVD88,5,4587.032,41.182813,-87.34031
05518000,5.28,1150.0,627.94,NAVD88,5,4587.032,41.182813,-87.34031
05518000,9.02,3130.0,627.94,NAVD88,5,4587.032,41.182813,-87.34031
05518000,10.24,3750.0,627.94,NAVD88,5,4587.032,41.182813,-87.34031
05518000,6.34,1680.0,627.94,NAVD88,5,4587.032,41.182813,-87.34031
05518000,5.13,1220.0,627.94,NAVD88,5,4587.032,41.182813,-87.34031
05518000,4.72,1070.0,627.94,NAVD88,5,4587.032,41.182813,-87.34031
05518000,4.95,1060.0,627.94,NAVD88,5,4587.032,41.182813,-87.34031
