site_id,geometry,id,monitoring_location_id,field_visit_id,measurement_number,time,channel_name,channel_flow,channel_flow_unit,channel_width,channel_width_unit,channel_area,channel_area_unit,channel_velocity,channel_velocity_unit,channel_location_distance,channel_location_distance_unit,channel_stability,channel_material,channel_evenness,horizontal_velocity_description,vertical_velocity_description,longitudinal_velocity_description,measurement_type,last_modified,channel_measurement_type,channel_location_direction
05412020,POINT (-91.4012767402577 42.8434851705994),0132e50a-0210-4f36-b148-d288292b1e25,USGS-05412020,4e6481b3-5a83-56e8-e053-0100007f7c96,120,2016-09-12T17:29:05+00:00,Main,6760,ft^3/s,168,ft,1080,ft^2,6.23,ft/s,,ft,Soft,Sand,Uneven,Uneven,NonStandard,Unknown,BridgeDownstreamSide,2026-06-28T02:02:23.756701+00:00,adcp,AtTheGage
05412020,POINT (-91.4012767402577 42.8434851705994),0294f4da-5fd0-43d7-8f42-b5f3a3c00243,USGS-05412020,4e648217-6556-570a-e053-0100007ff2d0,59,2008-05-07T15:22:00+00:00,Imported Channel 1,2420,ft^3/s,140,ft,537,ft^2,4.51,ft/s,,ft,Unspecified,Unspecified,Unspecified,Unspecified,Unspecified,Unknown,Unspecified,2026-06-28T02:02:23.756701+00:00,adcp,Unspecified
05412020,POINT (-91.4012767402577 42.8434851705994),04280dfa-eec7-44b3-b670-9ab823708d87,USGS-05412020,4e648238-a6bc-5706-e053-0100007f7574,33,2005-03-23T20:40:00+00:00,Imported Channel 1,400,ft^3/s,120,ft,211,ft^2,1.90,ft/s,,,Unspecified,Unspecified,Unspecified,Unspecified,Unspecified,Unknown,Wading,2026-06-28T02:02:23.756701+00:00,point_velocity,Unspecified
05412020,POINT (-91.4012767402577 42.8434851705994),06cbab4b-06e4-46a1-9521-5492c45c7d11,USGS-05412020,4e647e13-26f1-54f7-e053-0100007fe8a7,109,2015-05-18T16:52:20+00:00,Main,617,ft^3/s,134,ft,356,ft^2,1.73,ft/s,15.00,ft,Firm,Cobbles,Uneven,Uneven,NonStandard,Unknown,BridgeDownstreamSide,2026-06-28T02:02:23.756701+00:00,adcp,Downstream
05412020,POINT (-91.4012767402577 42.8434851705994),0702ebd8-2bf4-4259-b989-d1a7b21330a9,USGS-05412020,8425e202-f201-c6e5-e053-0100007f12f5,137,2019-03-15T15:38:26+00:00,OF,3030,ft^3/s,123,ft,521,ft^2,5.81,ft/s,20.00,ft,Soft,SiltMud,Even,Uneven,NonStandard,Pulsating,BridgeDownstreamSide,2026-06-28T02:02:23.756701+00:00,adcp,Downstream
05412020,POINT (-91.4012767402577 42.8434851705994),09b0c346-4d8a-4f0f-9968-14c1e04e229a,USGS-05412020,6cbd3592-87e7-ca95-e053-0100007f8d3c,131,2018-05-21T15:38:51+00:00,MAIN,2040,ft^3/s,157,ft,623,ft^2,3.28,ft/s,40.00,ft,Firm,Cobbles,Even,Uneven,NonStandard,Pulsating,BridgeDownstreamSide,2026-06-28T02:02:23.756701+00:00,adcp,Downstream
05412020,POINT (-91.4012767402577 42.8434851705994),0c5a165c-96fa-49be-9c73-b031c0c00b69,USGS-05412020,4e647e7a-fa24-54e3-e053-0100007fd4cc,6,2002-04-30T17:02:00+00:00,Imported Channel 1,1110,ft^3/s,140,ft,456,ft^2,2.43,ft/s,,,Unspecified,Unspecified,Unspecified,Unspecified,Unspecified,Unknown,BridgeCrane,2026-06-28T02:02:23.756701+00:00,point_velocity,Unspecified
05412020,POINT (-91.4012767402577 42.8434851705994),0e131884-d170-4a25-9080-1049a7cb02de,USGS-05412020,46fc133f-282d-43b5-9af4-6fbf5f4f37c7,175,2025-03-14T16:44:34+00:00,Main,423,ft^3/s,121,ft,353,ft^2,1.20,ft/s,30.00,ft,Firm,Gravel,Uneven,Even,NonStandard,Pulsating,BridgeDownstreamSide,2026-06-28T02:02:23.756701+00:00,adcp,Upstream
05412020,POINT (-91.4012767402577 42.8434851705994),0e718eb8-c236-4fc0-9223-a7f71e7b2575,USGS-05412020,2ebdcdb8-5427-499c-afd3-1ac1cea0de66,154,2021-08-30T17:57:18+00:00,MAIN,18700,ft^3/s,220,ft,3420,ft^2,5.47,ft/s,30.00,ft,Soft,Sand,Uneven,Uneven,NonStandard,Pulsating,BridgeDownstreamSide,2026-06-28T02:02:23.756701+00:00,adcp,Downstream
05412020,POINT (-91.4012767402577 42.8434851705994),119c455c-ed0a-414b-b06e-d63749809fb6,USGS-05412020,4e64861d-340b-5940-e053-0100007fc640,34,2005-04-27T12:30:00+00:00,Imported Channel 1,579,ft^3/s,139,ft,278,ft^2,2.08,ft/s,,,Unspecified,Unspecified,Unspecified,Unspecified,Unspecified,Unknown,Wading,2026-06-28T02:02:23.756701+00:00,point_velocity,Unspecified
05412020,POINT (-91.4012767402577 42.8434851705994),13346c36-64d7-4ab5-8862-1c6b34c16317,USGS-05412020,8cff6821-1c2e-4394-b409-49b8f4c947a1,172,2024-09-11T19:13:39+00:00,Main,275,ft^3/s,125,ft,329,ft^2,0.83,ft/s,0.00,ft,Firm,Gravel,Uneven,Uneven,Unknown,Steady,BridgeDownstreamSide,2026-06-28T02:02:23.756701+00:00,adcp,AtTheGage
05412020,POINT (-91.4012767402577 42.8434851705994),13d0cdcd-1164-4dfe-b6d3-75637be69468,USGS-05412020,c9eb0296-e25b-4cc1-a82a-baac67a42fad,163,2023-02-27T22:56:40+00:00,MAIN,9690,ft^3/s,191,ft,1690,ft^2,5.73,ft/s,40.00,ft,Soft,Sand,Even,Uneven,NonStandard,Pulsating,BridgeDownstreamSide,2026-06-28T02:02:23.756701+00:00,adcp,Downstream
05412020,POINT (-91.4012767402577 42.8434851705994),16266d95-a816-4428-b4c8-b4b15f51ecd5,USGS-05412020,4e647f9e-8146-559e-e053-0100007f4992,89,2012-07-03T18:16:00+00:00,Imported Channel 1,236,ft^3/s,140,ft,220,ft^2,1.07,ft/s,600.00,ft,Firm,CobblesBoulders,Even,Even,Uniform,Unknown,Wading,2026-06-28T02:02:23.756701+00:00,point_velocity,Downstream
05412020,POINT (-91.4012767402577 42.8434851705994),168f7253-bb2f-4b9c-88a1-fa99b59a2518,USGS-05412020,4e647f81-8590-559a-e053-0100007fb060,74,2010-06-17T18:21:00+00:00,Imported Channel 1,1230,ft^3/s,147,ft,420,ft^2,2.92,ft/s,,ft,Firm,Sand,Even,Uneven,Unspecified,Unknown,BridgeDownstreamSide,2026-06-28T02:02:23.756701+00:00,adcp,AtTheGage
05412020,POINT (-91.4012767402577 42.8434851705994),171267d5-7810-468d-ac08-31f80755f8fb,USGS-05412020,4e647f81-8599-559a-e053-0100007fb060,112,2015-09-23T20:32:00+00:00,Main,219,ft^3/s,86.0,ft,84.6,ft^2,2.58,ft/s,50.00,ft,Firm,CobblesBoulders,Uneven,Uneven,NonStandard,Unknown,Wading,2026-06-28T02:02:23.756701+00:00,point_velocity,Downstream
05412020,POINT (-91.4012767402577 42.8434851705994),173fcb5f-c7ae-4e93-a92e-b26ddcb7ca5c,USGS-05412020,52035cc3-ecb9-b016-e053-0100007feb0a,125,2017-06-12T16:11:57+00:00,Main,890,ft^3/s,149,ft,445,ft^2,2.00,ft/s,0.00,ft,Firm,Sand,Uneven,Uneven,Standard,Unknown,BridgeDownstreamSide,2026-06-28T02:02:23.756701+00:00,adcp,AtTheGage
05412020,POINT (-91.4012767402577 42.8434851705994),17daf9a2-104a-4c21-bb36-c1fe819decea,USGS-05412020,4e64821e-1eb0-5732-e053-0100007f8988,53,2007-08-22T22:39:00+00:00,Imported Channel 1,5640,ft^3/s,148,ft,1110,ft^2,5.10,ft/s,,ft,Unspecified,Unspecified,Unspecified,Unspecified,Unspecified,Unknown,Unspecified,2026-06-28T02:02:23.756701+00:00,adcp,Unspecified
05412020,POINT (-91.4012767402577 42.8434851705994),1db07a33-5bc6-408c-bb52-220d6426a671,USGS-05412020,4e6488ae-b015-5a8c-e053-0100007f6e08,24,2004-03-26T20:54:00+00:00,Imported Channel 1,1860,ft^3/s,143,ft,606,ft^2,3.07,ft/s,,ft,Unspecified,Unspecified,Unspecified,Unspecified,Unspecified,Unknown,Unspecified,2026-06-28T02:02:23.756701+00:00,adcp,Unspecified
05412020,POINT (-91.4012767402577 42.8434851705994),1edab95d-627d-4e9f-b738-8ec657cfdb5f,USGS-05412020,69ac3bc6-d797-b036-e053-0100007febea,130,2018-04-11T20:56:30+00:00,MAIN,416,ft^3/s,131,ft,220,ft^2,1.89,ft/s,20.00,ft,Firm,CobblesBoulders,Uneven,Uneven,Standard,Pulsating,Wading,2026-06-28T02:02:23.756701+00:00,point_velocity,Downstream
05412020,POINT (-91.4012767402577 42.8434851705994),208d5c77-eda7-4c8c-b0f3-76603a44cb94,USGS-05412020,2629f66b-6f3c-4aad-8313-d4fe484f5d91,174,2025-01-16T16:54:59+00:00,Main,223,ft^3/s,128,ft,161,ft^2,1.39,ft/s,100.00,ft,Firm,Gravel,Uneven,Uneven,Unknown,Pulsating,Wading,2026-06-28T02:02:23.756701+00:00,point_velocity,Downstream
05412020,POINT (-91.4012767402577 42.8434851705994),2184a57f-bdbd-426b-a4f7-dac0e23e698a,USGS-05412020,4e648d86-1e38-5cf9-e053-0100007ff0f3,113,2015-11-04T18:56:30+00:00,Main,245,ft^3/s,85.0,ft,98.0,ft^2,2.50,ft/s,200.00,ft,Firm,CobblesBoulders,Uneven,Uneven,NonStandard,Unknown,Wading,2026-06-28T02:02:23.756701+00:00,point_velocity,Downstream
05412020,POINT (-91.4012767402577 42.8434851705994),21a34eb7-ac83-4dfc-a6a1-261fdec82d4b,USGS-05412020,4e64894a-efec-5ade-e053-0100007fb811,51,2007-05-30T15:11:00+00:00,Imported Channel 1,972,ft^3/s,119,ft,340,ft^2,2.86,ft/s,,ft,Unspecified,Unspecified,Unspecified,Unspecified,Unspecified,Unknown,Unspecified,2026-06-28T02:02:23.756701+00:00,adcp,Unspecified
05412020,POINT (-91.4012767402577 42.8434851705994),220d74d3-7295-43c1-a547-3b53ec8b6e35,USGS-05412020,c4827cc7-928a-4d00-b7e2-f0d91d2ef85e,150,2021-01-13T16:15:41+00:00,Main,323,ft^3/s,133,ft,229,ft^2,1.41,ft/s,0.00,ft,Soft,Sand,Uneven,Uneven,NonStandard,Pulsating,BridgeDownstreamSide,2026-06-28T02:02:23.756701+00:00,adcp,AtTheGage
05412020,POINT (-91.4012767402577 42.8434851705994),244ea7e4-af09-4009-b872-099e087d44b1,USGS-05412020,4e647d78-7993-542e-e053-0100007ff142,122,2017-01-09T18:22:30+00:00,Elkader 122,863,ft^3/s,127,ft,353,ft^2,2.45,ft/s,40.00,ft,Firm,CobblesBoulders,Even,Even,Standard,Unknown,BridgeUpstreamSide,2026-06-28T02:02:23.756701+00:00,point_velocity,Upstream
05412020,POINT (-91.4012767402577 42.8434851705994),24e4beac-6c29-4c17-8d30-2183fa3159b2,USGS-05412020,4e6487f5-e166-59fa-e053-0100007f190e,19,2003-09-10T20:20:00+00:00,Imported Channel 1,110,ft^3/s,47.0,ft,53.2,ft^2,2.07,ft/s,,,Unspecified,Unspecified,Unspecified,Unspecified,Unspecified,Unknown,Wading,2026-06-28T02:02:23.756701+00:00,point_velocity,Unspecified
05412020,POINT (-91.4012767402577 42.8434851705994),2531e04c-c35a-43de-b1bd-e0dc84651388,USGS-05412020,4e648511-715b-58fe-e053-0100007fd9cf,14,2003-04-03T18:37:00+00:00,Imported Channel 1,241,ft^3/s,133,ft,194,ft^2,1.24,ft/s,,,Unspecified,Unspecified,Unspecified,Unspecified,Unspecified,Unknown,Wading,2026-06-28T02:02:23.756701+00:00,point_velocity,Unspecified
05412020,POINT (-91.4012767402577 42.8434851705994),2739cee8-26dc-4476-b4e6-46f55428d4a9,USGS-05412020,4e648296-0bbf-5770-e053-0100007facb5,62,2008-10-07T20:23:00+00:00,Imported Channel 1,259,ft^3/s,132,ft,167,ft^2,1.55,ft/s,,,Firm,Gravel,Even,Even,Unspecified,Unknown,Wading,2026-06-28T02:02:23.756701+00:00,point_velocity,AtTheGage
05412020,POINT (-91.4012767402577 42.8434851705994),28c9aa0f-ef73-4f01-a772-8da612766955,USGS-05412020,4e64813e-6687-569f-e053-0100007f5283,38,2005-10-12T19:54:00+00:00,Imported Channel 1,468,ft^3/s,134,ft,227,ft^2,2.06,ft/s,,,Unspecified,Unspecified,Unspecified,Unspecified,Unspecified,Unknown,Wading,2026-06-28T02:02:23.756701+00:00,point_velocity,Unspecified
05412020,POINT (-91.4012767402577 42.8434851705994),29fc4cf7-e405-4b77-a24d-71c246436c04,USGS-05412020,07d7cfaf-8abe-47c4-90d1-7d6c90c60dcc,160,2022-09-12T16:01:37+00:00,Main,538,ft^3/s,141,ft,385,ft^2,1.40,ft/s,0.00,ft,Firm,Gravel,Uneven,Even,Unknown,Steady,BridgeDownstreamSide,2026-06-28T02:02:23.756701+00:00,adcp,AtTheGage
05412020,POINT (-91.4012767402577 42.8434851705994),2d3c17fa-9f4b-4383-b225-9ad9138f1ed3,USGS-05412020,4e647e9f-1c83-5538-e053-0100007f37b9,7,2002-06-11T18:48:00+00:00,Imported Channel 1,860,ft^3/s,136,ft,387,ft^2,2.22,ft/s,,,Unspecified,Unspecified,Unspecified,Unspecified,Unspecified,Unknown,BridgeCrane,2026-06-28T02:02:23.756701+00:00,point_velocity,Unspecified
05412020,POINT (-91.4012767402577 42.8434851705994),2d94b7bf-04b9-4aee-8d10-75abba680799,USGS-05412020,4e6487cf-f4ad-59f8-e053-0100007f472d,39,2005-11-22T20:00:00+00:00,Imported Channel 1,260,ft^3/s,117,ft,172,ft^2,1.51,ft/s,,,Unspecified,Unspecified,Unspecified,Unspecified,Unspecified,Unknown,Wading,2026-06-28T02:02:23.756701+00:00,point_velocity,Unspecified
05412020,POINT (-91.4012767402577 42.8434851705994),312d7f5a-2acd-4206-81d2-cfb4d71a8cee,USGS-05412020,4e647e41-5be6-54b9-e053-0100007f7b1b,37,2005-08-24T14:22:00+00:00,Imported Channel 1,411,ft^3/s,112,ft,156,ft^2,2.64,ft/s,,,Unspecified,Unspecified,Unspecified,Unspecified,Unspecified,Unknown,Wading,2026-06-28T02:02:23.756701+00:00,point_velocity,Unspecified
05412020,POINT (-91.4012767402577 42.8434851705994),32dba3e7-7443-425d-9990-7d3a87d7785a,USGS-05412020,6fb4b3f0-1491-409e-baea-75414707d55d,180,2026-03-10T23:46:03+00:00,Main,2040,ft^3/s,141,ft,575,ft^2,3.56,ft/s,15.00,ft,Firm,Gravel,Even,Even,Standard,Pulsating,BridgeDownstreamSide,2026-06-28T02:02:23.756701+00:00,adcp,Upstream
05412020,POINT (-91.4012767402577 42.8434851705994),365831ed-6291-489d-b3fa-d642d81a6c1d,USGS-05412020,4e64898a-92ca-5ae0-e053-0100007f23a5,50,2007-05-08T16:40:00+00:00,Imported Channel 1,997,ft^3/s,113,ft,326,ft^2,3.06,ft/s,,ft,Unspecified,Unspecified,Unspecified,Unspecified,Unspecified,Unknown,Unspecified,2026-06-28T02:02:23.756701+00:00,adcp,Unspecified
05412020,POINT (-91.4012767402577 42.8434851705994),36ab909c-ce86-4c11-9a8d-c24db3827657,USGS-05412020,4e647ce6-7bd6-53ca-e053-0100007f51ad,25,2004-05-22T22:27:00+00:00,Imported Channel 1,15000,ft^3/s,314,ft,2570,ft^2,5.84,ft/s,,ft,Unspecified,Unspecified,Unspecified,Unspecified,Unspecified,Unknown,Unspecified,2026-06-28T02:02:23.756701+00:00,adcp,Unspecified
05412020,POINT (-91.4012767402577 42.8434851705994),385c368f-be14-45e3-8482-7a5df2c499e9,USGS-05412020,4e647e7f-4e48-54d9-e053-0100007f804d,75,2010-07-27T19:26:00+00:00,Imported Channel 1,1730,ft^3/s,146,ft,518,ft^2,3.35,ft/s,40.00,ft,Firm,Gravel,Uneven,Unspecified,Unspecified,Unknown,BridgeDownstreamSide,2026-06-28T02:02:23.756701+00:00,adcp,Downstream
05412020,POINT (-91.4012767402577 42.8434851705994),39c0a89c-f476-4243-9a74-248983d7557b,USGS-05412020,4e6481f7-c124-572a-e053-0100007f134d,35,2005-06-14T21:47:00+00:00,Imported Channel 1,1020,ft^3/s,140,ft,353,ft^2,2.88,ft/s,,ft,Unspecified,Unspecified,Unspecified,Unspecified,Unspecified,Unknown,Unspecified,2026-06-28T02:02:23.756701+00:00,adcp,Unspecified
05412020,POINT (-91.4012767402577 42.8434851705994),3a564e78-2dbe-4a74-b644-dffc157beadf,USGS-05412020,df9d96b8-cf72-4bad-a5b6-0c160f83720f,178,2025-09-11T22:07:43+00:00,Main,677,ft^3/s,129,ft,179,ft^2,3.79,ft/s,150.00,ft,Firm,CobblesBoulders,Uneven,Even,NonStandard,Pulsating,Wading,2026-06-28T02:02:23.756701+00:00,point_velocity,Downstream
05412020,POINT (-91.4012767402577 42.8434851705994),3bce8e3b-3849-45f5-a96d-cdc620301365,USGS-05412020,28f50e27-18dc-4187-b561-9ec94d6e8aae,168,2023-12-11T17:10:33+00:00,Main,144,ft^3/s,112,ft,121,ft^2,1.19,ft/s,200.00,ft,Firm,Cobbles,Uneven,Uneven,Unknown,Steady,Wading,2026-06-28T02:02:23.756701+00:00,point_velocity,Downstream
05412020,POINT (-91.4012767402577 42.8434851705994),3c7fcf38-a77d-4f5b-bf49-fad0780720f8,USGS-05412020,4e647e22-6d4b-54c7-e053-0100007fd48c,56,2007-11-13T15:46:00+00:00,Imported Channel 1,742,ft^3/s,117,ft,307,ft^2,2.42,ft/s,,ft,Unspecified,Unspecified,Unspecified,Unspecified,Unspecified,Unknown,Unspecified,2026-06-28T02:02:23.756701+00:00,adcp,Unspecified
05412020,POINT (-91.4012767402577 42.8434851705994),408062cd-5d4b-43a6-bb35-869744a3e697,USGS-05412020,129bddc4-758c-40c3-b49e-27f464819104,171,2024-08-01T17:15:41+00:00,Main,649,ft^3/s,135,ft,439,ft^2,1.48,ft/s,0.00,ft,Firm,Gravel,Uneven,Uneven,Unknown,Steady,BridgeDownstreamSide,2026-06-28T02:02:23.756701+00:00,adcp,AtTheGage
05412020,POINT (-91.4012767402577 42.8434851705994),4365b48b-0622-475f-97da-aeff9113250a,USGS-05412020,4e6481f7-c135-572a-e053-0100007f134d,97,2013-09-17T14:31:00+00:00,Imported Channel 1,280,ft^3/s,128,ft,203,ft^2,1.38,ft/s,,,Firm,CobblesBoulders,Even,Even,Uniform,Unknown,Wading,2026-06-28T02:02:23.756701+00:00,point_velocity,AtTheGage
05412020,POINT (-91.4012767402577 42.8434851705994),4369395f-fb5c-4d79-b999-6ad763a55cec,USGS-05412020,8425e202-f201-c6e5-e053-0100007f12f5,137,2019-03-15T15:38:26+00:00,Main,14600,ft^3/s,202,ft,2360,ft^2,6.20,ft/s,20.00,ft,Soft,Sand,Even,Uneven,NonStandard,Pulsating,BridgeDownstreamSide,2026-06-28T02:02:23.756701+00:00,adcp,Downstream
05412020,POINT (-91.4012767402577 42.8434851705994),4400604f-e484-4119-ab50-d927298bff6b,USGS-05412020,4e648217-655e-570a-e053-0100007ff2d0,83,2011-08-29T15:23:00+00:00,Imported Channel 1,254,ft^3/s,134,ft,223,ft^2,1.14,ft/s,10.00,ft,Firm,Gravel,Uneven,Uneven,Unspecified,Unknown,Wading,2026-06-28T02:02:23.756701+00:00,point_velocity,Upstream
05412020,POINT (-91.4012767402577 42.8434851705994),44d39aef-de89-4ebe-91cc-d8c4dc6b19ba,USGS-05412020,4e647e41-5be7-54b9-e053-0100007f7b1b,48,2006-12-12T18:44:00+00:00,Imported Channel 1,352,ft^3/s,92.0,ft,179,ft^2,1.97,ft/s,,,Unspecified,Unspecified,Unspecified,Unspecified,Unspecified,Unknown,Wading,2026-06-28T02:02:23.756701+00:00,point_velocity,Unspecified
05412020,POINT (-91.4012767402577 42.8434851705994),4593bb0e-91af-4303-a2ef-65da23e12edc,USGS-05412020,30df8e96-7a62-4e45-9add-f3cc0af5fe67,170,2024-05-30T17:09:37+00:00,Main,2790,ft^3/s,171,ft,775,ft^2,3.60,ft/s,0.00,ft,Firm,Gravel,Uneven,Uneven,Unknown,Pulsating,BridgeDownstreamSide,2026-06-28T02:02:23.756701+00:00,adcp,AtTheGage
05412020,POINT (-91.4012767402577 42.8434851705994),46344d78-1e45-40d9-84a0-18d103b256dd,USGS-05412020,85a05e40-7bf7-ab37-e053-0100007f538d,138,2019-04-02T16:02:35+00:00,MAIN,1330,ft^3/s,163,ft,542,ft^2,2.46,ft/s,40.00,ft,Soft,Gravel,Uneven,Uneven,NonStandard,Pulsating,BridgeDownstreamSide,2026-06-28T02:02:23.756701+00:00,adcp,Downstream
05412020,POINT (-91.4012767402577 42.8434851705994),46bc9be2-c4f1-4db8-b167-228921752223,USGS-05412020,4e649103-ebcd-5edb-e053-0100007f62dd,118,2016-08-02T16:31:32+00:00,main,1420,ft^3/s,164,ft,562,ft^2,2.53,ft/s,10.00,ft,Firm,Sand,Uneven,Even,NonStandard,Unknown,BridgeDownstreamSide,2026-06-28T02:02:23.756701+00:00,adcp,Downstream
05412020,POINT (-91.4012767402577 42.8434851705994),48837550-7ce4-4df7-881d-4631a04a40ff,USGS-05412020,4e648d71-ca2c-5ccb-e053-0100007f02db,80,2011-04-20T15:23:00+00:00,Imported Channel 1,1370,ft^3/s,145,ft,432,ft^2,3.17,ft/s,,ft,Firm,Gravel,Uneven,Uneven,Unspecified,Unknown,BridgeDownstreamSide,2026-06-28T02:02:23.756701+00:00,adcp,AtTheGage
05412020,POINT (-91.4012767402577 42.8434851705994),49abf607-6624-462c-b285-d062d4772516,USGS-05412020,32e0e423-d519-400a-8cf0-eea98dba8d19,156,2022-01-18T18:02:34+00:00,Main,333,ft^3/s,123,ft,140,ft^2,2.38,ft/s,100.00,ft,Firm,Cobbles,Uneven,Uneven,Unknown,Steady,Wading,2026-06-28T02:02:23.756701+00:00,point_velocity,Downstream
05412020,POINT (-91.4012767402577 42.8434851705994),4d19824b-9324-434f-85f2-f24f118f37ff,USGS-05412020,4e647e52-f698-54f9-e053-0100007f13d7,5,2002-03-19T16:23:00+00:00,Imported Channel 1,380,ft^3/s,135,ft,257,ft^2,1.48,ft/s,,,Unspecified,Unspecified,Unspecified,Unspecified,Unspecified,Unknown,Wading,2026-06-28T02:02:23.756701+00:00,point_velocity,Unspecified
05412020,POINT (-91.4012767402577 42.8434851705994),4dc9ac08-c4e1-498c-9e3c-5cbe685012e3,USGS-05412020,78d63be7-80ac-4779-9545-99b4030460aa,148,2020-09-18T20:14:42+00:00,MAIN,562,ft^3/s,139,ft,341,ft^2,1.65,ft/s,5.00,ft,Firm,Cobbles,Uneven,Uneven,Standard,Pulsating,BridgeDownstreamSide,2026-06-28T02:02:23.756701+00:00,adcp,Downstream
05412020,POINT (-91.4012767402577 42.8434851705994),4e0443e6-60db-4280-a2f9-441fd3d1a8f5,USGS-05412020,4e648d86-1e36-5cf9-e053-0100007ff0f3,103,2014-06-20T19:37:32+00:00,Elkader overflow,4040,ft^3/s,130,ft,598,ft^2,6.75,ft/s,,ft,Firm,SiltMud,Even,Even,Uniform,Unknown,BridgeDownstreamSide,2026-06-28T02:02:23.756701+00:00,adcp,Unspecified
05412020,POINT (-91.4012767402577 42.8434851705994),4e57f99c-0545-43dc-b243-ea9db2994ff7,USGS-05412020,4e648217-6559-570a-e053-0100007ff2d0,73,2010-05-12T12:47:00+00:00,Imported Channel 1,709,ft^3/s,141,ft,284,ft^2,2.50,ft/s,15.00,ft,Firm,Gravel,Uneven,Uneven,Unspecified,Unknown,Wading,2026-06-28T02:02:23.756701+00:00,point_velocity,Downstream
05412020,POINT (-91.4012767402577 42.8434851705994),4e6ed8ad-a5f7-4721-818f-e5038e0a8a0a,USGS-05412020,698f9893-2ba0-4e35-a729-a9b8a6978903,169,2024-04-01T17:12:20+00:00,Main,320,ft^3/s,123,ft,344,ft^2,0.93,ft/s,0.00,ft,Firm,Gravel,Uneven,Uneven,Unknown,Steady,BridgeDownstreamSide,2026-06-28T02:02:23.756701+00:00,adcp,AtTheGage
05412020,POINT (-91.4012767402577 42.8434851705994),4e71cb74-695f-4709-82c2-a9baea7dacc5,USGS-05412020,4e647d30-6a43-53cc-e053-0100007fb2c5,17,2003-06-17T17:07:00+00:00,Imported Channel 1,424,ft^3/s,136,ft,290,ft^2,1.46,ft/s,,,Unspecified,Unspecified,Unspecified,Unspecified,Unspecified,Unknown,Wading,2026-06-28T02:02:23.756701+00:00,point_velocity,Unspecified
05412020,POINT (-91.4012767402577 42.8434851705994),5012bc88-c1e9-4105-b19f-d36ec24b5410,USGS-05412020,4e648d86-1e36-5cf9-e053-0100007ff0f3,102,2014-06-20T17:22:47+00:00,Elkader overflow channel,4800,ft^3/s,134,ft,656,ft^2,7.32,ft/s,,ft,Firm,SiltMud,Even,Even,Uniform,Unknown,BridgeDownstreamSide,2026-06-28T02:02:23.756701+00:00,adcp,Unspecified
05412020,POINT (-91.4012767402577 42.8434851705994),50785815-368c-4ade-8c3d-19c04129c900,USGS-05412020,4e647f76-5108-559c-e053-0100007fa279,117,2016-06-14T18:05:23+00:00,main,1140,ft^3/s,152,ft,524,ft^2,2.17,ft/s,,ft,Firm,Sand,Even,Uneven,Standard,Unknown,BridgeDownstreamSide,2026-06-28T02:02:23.756701+00:00,adcp,AtTheGage
05412020,POINT (-91.4012767402577 42.8434851705994),50949753-ce21-4caa-897e-2600491c102d,USGS-05412020,4e6488ae-b010-5a8c-e053-0100007f6e08,3,2001-11-13T18:45:00+00:00,Imported Channel 1,274,ft^3/s,131,ft,229,ft^2,1.20,ft/s,,,Unspecified,Unspecified,Unspecified,Unspecified,Unspecified,Unknown,Wading,2026-06-28T02:02:23.756701+00:00,point_velocity,Unspecified
05412020,POINT (-91.4012767402577 42.8434851705994),52dda009-f32c-46af-9c19-57709eeef1a5,USGS-05412020,4e648d86-1e36-5cf9-e053-0100007ff0f3,102,2014-06-20T17:22:47+00:00,Turkey River below French Hallow Creek,12900,ft^3/s,202,ft,2420,ft^2,5.33,ft/s,20.00,ft,Firm,CobblesBoulders,Even,Even,Uniform,Unknown,BridgeDownstreamSide,2026-06-28T02:02:23.756701+00:00,adcp,Downstream
05412020,POINT (-91.4012767402577 42.8434851705994),5ea66169-6bd9-4499-9685-02e88f48fd98,USGS-05412020,4e648d77-a6a7-5cf1-e053-0100007f2558,93,2013-02-13T16:11:00+00:00,Imported Channel 1,553,ft^3/s,133,ft,276,ft^2,2.02,ft/s,25.00,ft,Firm,CobblesBoulders,Even,Even,Uniform,Unknown,BridgeDownstreamSide,2026-06-28T02:02:23.756701+00:00,adcp,Downstream
05412020,POINT (-91.4012767402577 42.8434851705994),5ee16352-43ea-4017-b819-92ef3fe34527,USGS-05412020,4e648943-0ed8-5a92-e053-0100007f9946,96,2013-08-05T13:40:00+00:00,Imported Channel 1,569,ft^3/s,109,ft,272,ft^2,2.09,ft/s,40.00,ft,Firm,CobblesBoulders,Even,Even,Uniform,Unknown,Wading,2026-06-28T02:02:23.756701+00:00,point_velocity,Downstream
05412020,POINT (-91.4012767402577 42.8434851705994),5f220440-6ef4-439b-852f-197d29e3cebd,USGS-05412020,50f5b4c5-b537-4148-b445-5e64ce4ca9f5,149,2020-11-19T23:30:32+00:00,MAIN,496,ft^3/s,139,ft,307,ft^2,1.61,ft/s,20.00,ft,Firm,Cobbles,Even,Uneven,NonStandard,Pulsating,BridgeDownstreamSide,2026-06-28T02:02:23.756701+00:00,adcp,Downstream
05412020,POINT (-91.4012767402577 42.8434851705994),614494b0-d4ed-4035-9ac5-f13fc1aab4a2,USGS-05412020,4e647d2c-5e77-53da-e053-0100007fc912,27,2004-05-25T13:47:00+00:00,Imported Channel 1,9620,ft^3/s,280,ft,1570,ft^2,6.13,ft/s,,ft,Unspecified,Unspecified,Unspecified,Unspecified,Unspecified,Unknown,Unspecified,2026-06-28T02:02:23.756701+00:00,adcp,Unspecified
05412020,POINT (-91.4012767402577 42.8434851705994),62ed2183-23e4-4317-8e4f-4b5ecfdf36f2,USGS-05412020,a3db3365-ff50-49bc-8d5b-94bb65446c6f,177,2025-07-10T18:35:34+00:00,Main,600,ft^3/s,134,ft,417,ft^2,1.44,ft/s,20.00,ft,Firm,Gravel,Even,Even,Standard,Pulsating,BridgeDownstreamSide,2026-06-28T02:02:23.756701+00:00,adcp,Downstream
05412020,POINT (-91.4012767402577 42.8434851705994),63f49ff7-7b37-4f0e-bdea-b4d69c2e0fe3,USGS-05412020,519dd44f-ffe9-4d30-9663-983ad372ef84,145,2020-05-07T19:49:35+00:00,Main,631,ft^3/s,129,ft,328,ft^2,1.93,ft/s,10.00,ft,Firm,Sand,Even,Even,Standard,Pulsating,BridgeDownstreamSide,2026-06-28T02:02:23.756701+00:00,adcp,Unspecified
05412020,POINT (-91.4012767402577 42.8434851705994),65bf1ee2-e29b-4450-815b-38bcb775dc11,USGS-05412020,4e6481f7-c136-572a-e053-0100007f134d,98,2013-10-30T14:00:00+00:00,Imported Channel 1,298,ft^3/s,149,ft,203,ft^2,1.47,ft/s,,,Firm,CobblesBoulders,Even,Even,Uniform,Unknown,Wading,2026-06-28T02:02:23.756701+00:00,point_velocity,AtTheGage
05412020,POINT (-91.4012767402577 42.8434851705994),6af9d41f-3418-489a-9bae-40b1c0f9b487,USGS-05412020,4e647cd0-b46b-5339-e053-0100007fea77,11,2002-11-19T20:09:00+00:00,Imported Channel 1,185,ft^3/s,136,ft,216,ft^2,0.86,ft/s,,,Unspecified,Unspecified,Unspecified,Unspecified,Unspecified,Unknown,Wading,2026-06-28T02:02:23.756701+00:00,point_velocity,Unspecified
05412020,POINT (-91.4012767402577 42.8434851705994),6b235dfe-5e99-4b1c-8c63-3064f282636a,USGS-05412020,512726a9-effb-4bc4-bd96-513d789e58c4,153,2021-08-03T20:12:24+00:00,MAIN,286,ft^3/s,136,ft,175,ft^2,1.63,ft/s,0.00,ft,Soft,Sand,Uneven,Uneven,Standard,Pulsating,Wading,2026-06-28T02:02:23.756701+00:00,point_velocity,AtTheGage
05412020,POINT (-91.4012767402577 42.8434851705994),6b43951f-bf37-454e-b756-bd7c6e491f18,USGS-05412020,f2263dee-72fd-41c8-9842-843384f50fcb,181,2026-05-20T15:58:47+00:00,Main,1110,ft^3/s,137,ft,500,ft^2,2.22,ft/s,0.00,ft,Firm,Gravel,Even,Uneven,Standard,Pulsating,BridgeDownstreamSide,2026-06-28T02:02:23.756701+00:00,adcp,AtTheGage
05412020,POINT (-91.4012767402577 42.8434851705994),6b8f0c58-4540-47b5-a894-f666303d5f9f,USGS-05412020,4e64896e-8525-5ac0-e053-0100007ff6b5,41,2006-03-21T19:17:00+00:00,Imported Channel 1,449,ft^3/s,134,ft,227,ft^2,1.98,ft/s,,,Unspecified,Unspecified,Unspecified,Unspecified,Unspecified,Unknown,Wading,2026-06-28T02:02:23.756701+00:00,point_velocity,Unspecified
05412020,POINT (-91.4012767402577 42.8434851705994),70f35bd6-efd3-494d-9bf5-e50a72b10510,USGS-05412020,4e648af4-dedc-5ab4-e053-0100007f09de,115,2016-03-08T17:55:43+00:00,main,1350,ft^3/s,154,ft,532,ft^2,2.55,ft/s,20.00,ft,Firm,Gravel,Even,Even,Standard,Unknown,BridgeDownstreamSide,2026-06-28T02:02:23.756701+00:00,adcp,Downstream
05412020,POINT (-91.4012767402577 42.8434851705994),725156a4-16b1-44d8-99e6-051f6b9867a3,USGS-05412020,4e64896e-852c-5ac0-e053-0100007ff6b5,86,2012-01-25T18:19:00+00:00,Main Channel,174,ft^3/s,131,ft,168,ft^2,1.03,ft/s,,,Firm,CobblesBoulders,Even,Even,Standard,Unknown,Wading,2026-06-28T02:02:23.756701+00:00,point_velocity,AtTheGage
05412020,POINT (-91.4012767402577 42.8434851705994),73e502ad-63e4-4cf9-bf80-7951b28eb5b5,USGS-05412020,4e647d2c-3f8a-5406-e053-0100007fee3f,23,2004-03-09T21:27:00+00:00,Imported Channel 1,844,ft^3/s,139,ft,382,ft^2,2.21,ft/s,,,Unspecified,Unspecified,Unspecified,Unspecified,Unspecified,Unknown,BridgeCrane,2026-06-28T02:02:23.756701+00:00,point_velocity,Unspecified
05412020,POINT (-91.4012767402577 42.8434851705994),743003c7-dbdf-4308-82db-96c80b0583b0,USGS-05412020,de00383d-963d-4edb-bbe3-8715b8e6b0e6,142,2019-11-12T18:18:37+00:00,MAIN,833,ft^3/s,142,ft,421,ft^2,1.98,ft/s,40.00,ft,Firm,Sand,Even,Even,Standard,Pulsating,BridgeDownstreamSide,2026-06-28T02:02:23.756701+00:00,adcp,Downstream
05412020,POINT (-91.4012767402577 42.8434851705994),7514ad13-1fbc-4df1-bfae-6634038719b4,USGS-05412020,4e647cfe-63b2-51ab-e053-0100007ff751,64,2009-04-08T20:41:00+00:00,Imported Channel 1,400,ft^3/s,135,ft,179,ft^2,2.24,ft/s,5.00,ft,Firm,CobblesBoulders,Even,Even,Unspecified,Unknown,Wading,2026-06-28T02:02:23.756701+00:00,point_velocity,Downstream
05412020,POINT (-91.4012767402577 42.8434851705994),753ab43d-0648-4c20-abcb-c88a14e2db87,USGS-05412020,4e64813e-668a-569f-e053-0100007f5283,44,2006-07-25T18:55:00+00:00,Imported Channel 1,332,ft^3/s,128,ft,202,ft^2,1.65,ft/s,,,Unspecified,Unspecified,Unspecified,Unspecified,Unspecified,Unknown,Wading,2026-06-28T02:02:23.756701+00:00,point_velocity,Unspecified
05412020,POINT (-91.4012767402577 42.8434851705994),76f0f4a9-5feb-4e41-8d7d-9b78ce17880d,USGS-05412020,59fb1031-a35a-4b4d-e053-0100007f2600,127,2017-09-22T18:42:00+00:00,Elkader,312,ft^3/s,124,ft,177,ft^2,1.76,ft/s,15.00,ft,Firm,Gravel,Even,Even,Standard,Steady,Wading,2026-06-28T02:02:23.756701+00:00,point_velocity,Downstream
05412020,POINT (-91.4012767402577 42.8434851705994),771b5747-12b7-4021-a6d1-63d61a1c7826,USGS-05412020,6f37097d-be54-4065-82b3-49606584c3e0,157,2022-03-21T21:13:26+00:00,Main,1010,ft^3/s,142,ft,418,ft^2,2.43,ft/s,0.00,ft,Firm,Cobbles,Uneven,Uneven,Unknown,Steady,BridgeDownstreamSide,2026-06-28T02:02:23.756701+00:00,adcp,AtTheGage
05412020,POINT (-91.4012767402577 42.8434851705994),77f4f12d-21ba-42d9-8a4e-c7336855fe05,USGS-05412020,4e647e86-8a46-54d5-e053-0100007f998b,72,2010-03-30T21:04:00+00:00,Imported Channel 1,1060,ft^3/s,151,ft,371,ft^2,2.85,ft/s,10.00,ft,Firm,Gravel,Uneven,Uneven,Unspecified,Unknown,MannedMovingBoat,2026-06-28T02:02:23.756701+00:00,adcp,Downstream
05412020,POINT (-91.4012767402577 42.8434851705994),79281870-8c04-4f09-a5ed-3b692ae171dc,USGS-05412020,4e647cda-a7ca-53e2-e053-0100007ffe3d,30,2004-10-13T19:06:00+00:00,Imported Channel 1,262,ft^3/s,132,ft,198,ft^2,1.32,ft/s,,,Unspecified,Unspecified,Unspecified,Unspecified,Unspecified,Unknown,Wading,2026-06-28T02:02:23.756701+00:00,point_velocity,Unspecified
05412020,POINT (-91.4012767402577 42.8434851705994),7de401d5-1d7c-4ff9-aaa1-2161ddd87da5,USGS-05412020,4e647cfe-63b4-51ab-e053-0100007ff751,70,2009-12-01T19:21:00+00:00,Imported Channel 1,503,ft^3/s,140,ft,231,ft^2,2.17,ft/s,20.00,ft,Firm,CobblesBoulders,Even,Even,Unspecified,Unknown,Wading,2026-06-28T02:02:23.756701+00:00,point_velocity,Downstream
05412020,POINT (-91.4012767402577 42.8434851705994),7ee0e642-f4f1-4431-bb22-6f31cb865954,USGS-05412020,4e647e41-5be7-54b9-e053-0100007f7b1b,47,2006-12-12T18:41:00+00:00,Imported Channel 1,338,ft^3/s,92.0,ft,181,ft^2,1.87,ft/s,,,Unspecified,Unspecified,Unspecified,Unspecified,Unspecified,Unknown,Wading,2026-06-28T02:02:23.756701+00:00,point_velocity,Unspecified
05412020,POINT (-91.4012767402577 42.8434851705994),823e0973-de7f-4f17-bb86-be2e834e0d8c,USGS-05412020,4e647ce1-a346-53e4-e053-0100007f36c7,100,2014-04-01T19:19:24+00:00,Main Channel,3040,ft^3/s,157,ft,768,ft^2,3.96,ft/s,,ft,Firm,Gravel,Even,Uneven,Standard,Unknown,BridgeDownstreamSide,2026-06-28T02:02:23.756701+00:00,adcp,AtTheGage
05412020,POINT (-91.4012767402577 42.8434851705994),849ee8a2-a1cd-4bc3-91a5-713270395e05,USGS-05412020,4e6490a6-82be-5ed1-e053-0100007f4646,121,2016-11-01T15:53:01+00:00,Elkader_121,1940,ft^3/s,154,ft,595,ft^2,3.26,ft/s,20.00,ft,Soft,Cobbles,Even,Unspecified,Standard,Unknown,BridgeDownstreamSide,2026-06-28T02:02:23.756701+00:00,adcp,Downstream
05412020,POINT (-91.4012767402577 42.8434851705994),85af4863-7b79-40af-be65-3ba38da3b823,USGS-05412020,4e64813e-6696-569f-e053-0100007f5283,88,2012-05-14T16:21:00+00:00,Imported Channel 1,1060,ft^3/s,165,ft,417,ft^2,2.54,ft/s,,ft,Firm,CobblesBoulders,Even,Even,Standard,Unknown,MannedMovingBoat,2026-06-28T02:02:23.756701+00:00,adcp,AtTheGage
05412020,POINT (-91.4012767402577 42.8434851705994),876eeba5-1e96-4a16-8434-4246e03f87c6,USGS-05412020,4e648218-de3e-56b1-e053-0100007f8aa2,58,2008-03-24T15:14:00+00:00,Imported Channel 1,1860,ft^3/s,124,ft,465,ft^2,3.99,ft/s,,ft,Unspecified,Unspecified,Unspecified,Unspecified,Unspecified,Unknown,Unspecified,2026-06-28T02:02:23.756701+00:00,adcp,Unspecified
05412020,POINT (-91.4012767402577 42.8434851705994),88f85cdb-cbbf-4819-b297-6e9ed9790f0d,USGS-05412020,4e647cfe-63b6-51ab-e053-0100007ff751,71,2010-02-17T18:27:00+00:00,Imported Channel 1,394,ft^3/s,138,ft,199,ft^2,1.98,ft/s,10.00,ft,Firm,CobblesBoulders,Uneven,Even,Unspecified,Unknown,Wading,2026-06-28T02:02:23.756701+00:00,point_velocity,Downstream
05412020,POINT (-91.4012767402577 42.8434851705994),895ccbeb-a323-4d6e-9314-ff9427b11b6f,USGS-05412020,4e648720-2a98-597a-e053-0100007f36e1,57,2008-01-23T19:22:00+00:00,Imported Channel 1,433,ft^3/s,116,ft,229,ft^2,1.89,ft/s,,,Unspecified,Unspecified,Unspecified,Unspecified,Unspecified,Unknown,Wading,2026-06-28T02:02:23.756701+00:00,point_velocity,Unspecified
05412020,POINT (-91.4012767402577 42.8434851705994),89fea249-65db-474c-9c20-3d4508bace9a,USGS-05412020,4e647c92-085e-4eec-e053-0100007f94bd,78,2011-01-26T15:11:00+00:00,Imported Channel 1,336,ft^3/s,136,ft,214,ft^2,1.57,ft/s,,,Firm,Gravel,Uneven,Uneven,Unspecified,Unknown,Ice,2026-06-28T02:02:23.756701+00:00,point_velocity,AtTheGage
05412020,POINT (-91.4012767402577 42.8434851705994),8a812f04-2201-4dc1-8e71-bc68d302c2c3,USGS-05412020,4e648267-f80f-577a-e053-0100007fff8f,22,2004-01-21T19:34:00+00:00,Imported Channel 1,89.8,ft^3/s,39.0,ft,49.5,ft^2,1.81,ft/s,,,Unspecified,Unspecified,Unspecified,Unspecified,Unspecified,Unknown,Wading,2026-06-28T02:02:23.756701+00:00,point_velocity,Unspecified
05412020,POINT (-91.4012767402577 42.8434851705994),8ac76aba-9d83-4884-8c7b-c9a20cc03472,USGS-05412020,4e647cbe-358f-533f-e053-0100007f2ef6,81,2011-06-02T20:15:00+00:00,Imported Channel 1,1300,ft^3/s,144,ft,434,ft^2,3.00,ft/s,30.00,ft,Unspecified,Cobbles,Even,Even,Unspecified,Unknown,BridgeDownstreamSide,2026-06-28T02:02:23.756701+00:00,adcp,Downstream
05412020,POINT (-91.4012767402577 42.8434851705994),8b2b1de9-8cb6-4de3-988a-a4e535f378e9,USGS-05412020,4e6488ec-862d-5ab2-e053-0100007f9def,40,2006-01-18T18:33:00+00:00,Imported Channel 1,488,ft^3/s,134,ft,247,ft^2,1.97,ft/s,,,Unspecified,Unspecified,Unspecified,Unspecified,Unspecified,Unknown,Wading,2026-06-28T02:02:23.756701+00:00,point_velocity,Unspecified
05412020,POINT (-91.4012767402577 42.8434851705994),8b2e7919-a68f-4776-be29-7ba4b6a0c557,USGS-05412020,4e6488ae-b012-5a8c-e053-0100007f6e08,16,2003-05-21T15:55:00+00:00,Imported Channel 1,983,ft^3/s,130,ft,405,ft^2,2.43,ft/s,,,Unspecified,Unspecified,Unspecified,Unspecified,Unspecified,Unknown,BridgeCrane,2026-06-28T02:02:23.756701+00:00,point_velocity,Unspecified
05412020,POINT (-91.4012767402577 42.8434851705994),8ba68b94-c893-43ac-8643-6075a0424bd9,USGS-05412020,4e648555-4005-590a-e053-0100007f5f6e,12,2003-01-07T18:11:00+00:00,Imported Channel 1,116,ft^3/s,130,ft,163,ft^2,0.71,ft/s,,,Unspecified,Unspecified,Unspecified,Unspecified,Unspecified,Unknown,Wading,2026-06-28T02:02:23.756701+00:00,point_velocity,Unspecified
05412020,POINT (-91.4012767402577 42.8434851705994),8bf104d1-206f-4c29-94ec-7ecf953c9cc9,USGS-05412020,4e648720-2a9d-597a-e053-0100007f36e1,101,2014-05-20T20:30:52+00:00,Main Channel,1520,ft^3/s,156,ft,549,ft^2,2.77,ft/s,,ft,Soft,Sand,Even,Even,Standard,Unknown,BridgeDownstreamSide,2026-06-28T02:02:23.756701+00:00,adcp,AtTheGage
05412020,POINT (-91.4012767402577 42.8434851705994),8c8ff1a4-6439-474f-901c-28d2217a7011,USGS-05412020,2ebdcdb8-5427-499c-afd3-1ac1cea0de66,154,2021-08-30T17:57:18+00:00,OVERFLOW,7740,ft^3/s,160,ft,1290,ft^2,6.01,ft/s,30.00,ft,Soft,Sand,Uneven,Uneven,NonStandard,Pulsating,BridgeDownstreamSide,2026-06-28T02:02:23.756701+00:00,adcp,Downstream
05412020,POINT (-91.4012767402577 42.8434851705994),8eda65f1-1d74-4b17-a4c1-5c585664220c,USGS-05412020,71beb5a9-31da-029a-e053-0100007f67bf,133,2018-07-23T16:55:25+00:00,Main,908,ft^3/s,140,ft,452,ft^2,2.01,ft/s,0.00,ft,Firm,Gravel,Even,Uneven,NonStandard,Steady,BridgeDownstreamSide,2026-06-28T02:02:23.756701+00:00,adcp,Downstream
05412020,POINT (-91.4012767402577 42.8434851705994),8f871648-4195-4a57-a070-267950ec7c6b,USGS-05412020,4e647cda-a7c9-53e2-e053-0100007ffe3d,28,2004-06-30T18:24:00+00:00,Imported Channel 1,855,ft^3/s,134,ft,348,ft^2,2.45,ft/s,,,Unspecified,Unspecified,Unspecified,Unspecified,Unspecified,Unknown,BridgeCrane,2026-06-28T02:02:23.756701+00:00,point_velocity,Unspecified
05412020,POINT (-91.4012767402577 42.8434851705994),91659188-f61a-4868-b773-2af74c5746a2,USGS-05412020,db40df40-aab5-4ebb-b505-71a42df91d7f,176,2025-05-21T19:10:05+00:00,Main,740,ft^3/s,130,ft,443,ft^2,1.67,ft/s,5.00,ft,Soft,Cobbles,Uneven,Uneven,Standard,Pulsating,BridgeDownstreamSide,2026-06-28T02:02:23.756701+00:00,adcp,Downstream
05412020,POINT (-91.4012767402577 42.8434851705994),927589fd-5eff-41be-9c0b-6b8737144ec8,USGS-05412020,4e647c92-0860-4eec-e053-0100007f94bd,84,2011-10-04T12:37:00+00:00,Main Channel,204,ft^3/s,126,ft,218,ft^2,0.93,ft/s,10.00,ft,Firm,Gravel,Unspecified,Even,Standard,Unknown,Wading,2026-06-28T02:02:23.756701+00:00,point_velocity,Upstream
05412020,POINT (-91.4012767402577 42.8434851705994),93dceecc-58db-4628-80db-6d23bff7cad3,USGS-05412020,4e647cbe-3592-533f-e053-0100007f2ef6,87,2012-03-27T16:43:00+00:00,Imported Channel 1,457,ft^3/s,138,ft,288,ft^2,1.59,ft/s,580.00,ft,Firm,CobblesBoulders,Even,Even,Standard,Unknown,Wading,2026-06-28T02:02:23.756701+00:00,point_velocity,Downstream
05412020,POINT (-91.4012767402577 42.8434851705994),9588c94a-732b-493f-aac7-2c3775be0ef2,USGS-05412020,4e648536-ab27-5914-e053-0100007f6f39,106,2014-11-17T19:22:30+00:00,Main Channel,180,ft^3/s,127,ft,243,ft^2,0.74,ft/s,10.00,ft,Firm,Sand,Uneven,Even,Standard,Unknown,Wading,2026-06-28T02:02:23.756701+00:00,point_velocity,Upstream
05412020,POINT (-91.4012767402577 42.8434851705994),9673661d-c931-45fa-bba6-23a595694626,USGS-05412020,4e647eb3-f585-553a-e053-0100007fe324,9,2002-09-05T15:35:00+00:00,Imported Channel 1,254,ft^3/s,126,ft,229,ft^2,1.11,ft/s,,,Unspecified,Unspecified,Unspecified,Unspecified,Unspecified,Unknown,Wading,2026-06-28T02:02:23.756701+00:00,point_velocity,Unspecified
05412020,POINT (-91.4012767402577 42.8434851705994),99125368-3190-4120-86f2-1fbacb62be83,USGS-05412020,4e648943-0eca-5a92-e053-0100007f9946,42,2006-05-08T16:56:00+00:00,Imported Channel 1,1210,ft^3/s,134,ft,399,ft^2,3.05,ft/s,,ft,Unspecified,Unspecified,Unspecified,Unspecified,Unspecified,Unknown,Unspecified,2026-06-28T02:02:23.756701+00:00,adcp,Unspecified
05412020,POINT (-91.4012767402577 42.8434851705994),9a03a656-fe6f-4e74-8ca1-22c4512c7740,USGS-05412020,4e647f9e-8148-559e-e053-0100007f4992,108,2015-04-21T17:13:29+00:00,Main,1100,ft^3/s,143,ft,460,ft^2,2.39,ft/s,20.00,ft,Soft,Sand,Uneven,Even,NonStandard,Unknown,BridgeDownstreamSide,2026-06-28T02:02:23.756701+00:00,adcp,Downstream
05412020,POINT (-91.4012767402577 42.8434851705994),9b8cf258-4e01-452f-858c-c9b19b0f1ae0,USGS-05412020,4e64821e-1eae-5732-e053-0100007f8988,46,2006-11-07T18:52:00+00:00,Imported Channel 1,165,ft^3/s,88.0,ft,128,ft^2,1.29,ft/s,,,Unspecified,Unspecified,Unspecified,Unspecified,Unspecified,Unknown,Wading,2026-06-28T02:02:23.756701+00:00,point_velocity,Unspecified
05412020,POINT (-91.4012767402577 42.8434851705994),9cf13906-163a-4c90-abb4-a07f2e2c8c38,USGS-05412020,4e647d24-f209-539d-e053-0100007ffc84,36,2005-07-19T19:21:00+00:00,Imported Channel 1,239,ft^3/s,117,ft,172,ft^2,1.39,ft/s,,,Unspecified,Unspecified,Unspecified,Unspecified,Unspecified,Unknown,Wading,2026-06-28T02:02:23.756701+00:00,point_velocity,Unspecified
05412020,POINT (-91.4012767402577 42.8434851705994),9d018dff-91a0-4df9-a464-fd8aa7bd3ea3,USGS-05412020,4e64821e-1eb6-5732-e053-0100007f8988,82,2011-07-18T13:48:00+00:00,Imported Channel 1,535,ft^3/s,144,ft,292,ft^2,1.83,ft/s,10.00,ft,Firm,Gravel,Uneven,Uneven,Unspecified,Unknown,Wading,2026-06-28T02:02:23.756701+00:00,point_velocity,Upstream
05412020,POINT (-91.4012767402577 42.8434851705994),9d2ade83-390f-47a0-883f-08d9a0387da3,USGS-05412020,4e649115-f6f1-5ed9-e053-0100007f9b8b,123,2017-02-21T18:25:55+00:00,Elkader123,3890,ft^3/s,160,ft,887,ft^2,4.38,ft/s,10.00,ft,Soft,Sand,Even,Even,Standard,Unknown,BridgeDownstreamSide,2026-06-28T02:02:23.756701+00:00,adcp,Downstream
05412020,POINT (-91.4012767402577 42.8434851705994),9d3c82b6-4de6-46b0-b5a0-4028e7d450d0,USGS-05412020,4e647e04-a3cd-54b7-e053-0100007f283c,79,2011-03-15T19:24:00+00:00,Imported Channel 1,1400,ft^3/s,148,ft,458,ft^2,3.05,ft/s,,ft,Firm,Gravel,Uneven,Uneven,Unspecified,Unknown,BridgeDownstreamSide,2026-06-28T02:02:23.756701+00:00,adcp,AtTheGage
05412020,POINT (-91.4012767402577 42.8434851705994),9f6df23e-3382-4edd-8b31-6ed664f2fa90,USGS-05412020,4e64821e-1eb0-5732-e053-0100007f8988,54,2007-08-22T22:45:00+00:00,Imported Channel 1,5880,ft^3/s,156,ft,1130,ft^2,5.20,ft/s,,ft,Unspecified,Unspecified,Unspecified,Unspecified,Unspecified,Unknown,Unspecified,2026-06-28T02:02:23.756701+00:00,adcp,Unspecified
05412020,POINT (-91.4012767402577 42.8434851705994),a03562f5-e92b-4c00-b303-9367b32e7a3f,USGS-05412020,4e647e72-e26b-54bd-e053-0100007fbad1,55,2007-10-01T16:08:00+00:00,Imported Channel 1,999,ft^3/s,127,ft,345,ft^2,2.90,ft/s,,ft,Unspecified,Unspecified,Unspecified,Unspecified,Unspecified,Unknown,Unspecified,2026-06-28T02:02:23.756701+00:00,adcp,Unspecified
05412020,POINT (-91.4012767402577 42.8434851705994),a03ce646-be5a-4891-9290-5f9e1f775ae7,USGS-05412020,4e649035-972b-5c6a-e053-0100007f1cf7,105,2014-10-07T17:39:00+00:00,Main Channel,305,ft^3/s,127,ft,290,ft^2,1.05,ft/s,15.00,ft,Firm,Cobbles,Even,Even,Standard,Unknown,Wading,2026-06-28T02:02:23.756701+00:00,point_velocity,Upstream
05412020,POINT (-91.4012767402577 42.8434851705994),a16a74fe-c091-4072-9e39-4f858457ec1d,USGS-05412020,4e647e86-8a48-54d5-e053-0100007f998b,76,2010-09-14T20:26:00+00:00,Imported Channel 1,456,ft^3/s,140,ft,220,ft^2,2.07,ft/s,15.00,ft,Firm,CobblesBoulders,Uneven,Uneven,Unspecified,Unknown,Wading,2026-06-28T02:02:23.756701+00:00,point_velocity,Downstream
05412020,POINT (-91.4012767402577 42.8434851705994),a2ab59a6-58ad-42b6-8c19-174ba6749fef,USGS-05412020,4e6485b1-70a1-5944-e053-0100007fb2ec,8,2002-07-12T19:09:00+00:00,Imported Channel 1,301,ft^3/s,133,ft,228,ft^2,1.32,ft/s,,,Unspecified,Unspecified,Unspecified,Unspecified,Unspecified,Unknown,Wading,2026-06-28T02:02:23.756701+00:00,point_velocity,Unspecified
05412020,POINT (-91.4012767402577 42.8434851705994),a317db6a-b90a-4015-ab63-5f25210ebf75,USGS-05412020,4e647e88-49b3-54e5-e053-0100007fd931,99,2014-02-05T14:49:30+00:00,Main,146,ft^3/s,64.5,ft,67.9,ft^2,2.15,ft/s,350.00,ft,Firm,Cobbles,Uneven,Uneven,NonStandard,Unknown,Wading,2026-06-28T02:02:23.756701+00:00,point_velocity,Downstream
05412020,POINT (-91.4012767402577 42.8434851705994),a3af052f-b2ea-4c45-a610-bb7fb4c20c1a,USGS-05412020,3adc50e7-4fbd-45b4-b917-44326133e508,162,2023-01-11T18:59:19+00:00,Main,359,ft^3/s,107,ft,114,ft^2,3.15,ft/s,200.00,ft,Firm,Cobbles,Uneven,Uneven,Unknown,Steady,Wading,2026-06-28T02:02:23.756701+00:00,point_velocity,Downstream
05412020,POINT (-91.4012767402577 42.8434851705994),a4896a80-fc15-4ec5-90e5-0ecc743baba7,USGS-05412020,4e6482ca-efa3-579c-e053-0100007f814a,43,2006-06-12T15:14:00+00:00,Imported Channel 1,572,ft^3/s,134,ft,282,ft^2,2.03,ft/s,,,Unspecified,Unspecified,Unspecified,Unspecified,Unspecified,Unknown,Wading,2026-06-28T02:02:23.756701+00:00,point_velocity,Unspecified
05412020,POINT (-91.4012767402577 42.8434851705994),a4e3c9d4-6526-4c65-ad07-c02c1369c201,USGS-05412020,a49c8a29-ad16-466d-b575-818d5703725c,147,2020-07-27T20:04:21+00:00,MAIN,866,ft^3/s,145,ft,471,ft^2,1.84,ft/s,50.00,ft,Firm,Cobbles,Uneven,Uneven,NonStandard,Pulsating,BridgeDownstreamSide,2026-06-28T02:02:23.756701+00:00,adcp,Downstream
05412020,POINT (-91.4012767402577 42.8434851705994),a5f6ca2b-fd33-496b-b3b9-19e1830907be,USGS-05412020,4e647d3c-f428-53d4-e053-0100007f7a69,31,2004-11-09T21:50:00+00:00,Imported Channel 1,307,ft^3/s,135,ft,214,ft^2,1.43,ft/s,,,Unspecified,Unspecified,Unspecified,Unspecified,Unspecified,Unknown,Wading,2026-06-28T02:02:23.756701+00:00,point_velocity,Unspecified
05412020,POINT (-91.4012767402577 42.8434851705994),a5fbea26-d192-43b5-af04-e1349f7153a6,USGS-05412020,4e647eb3-f590-553a-e053-0100007fe324,119,2016-08-26T17:43:04+00:00,Main Channel,17200,ft^3/s,241,ft,3290,ft^2,5.23,ft/s,,ft,Firm,Gravel,Even,Even,Standard,Unknown,BridgeDownstreamSide,2026-06-28T02:02:23.756701+00:00,adcp,AtTheGage
05412020,POINT (-91.4012767402577 42.8434851705994),a697da25-f767-4948-bd53-a0ae4511ca1f,USGS-05412020,c52e1512-4901-495d-bb7a-865928932863,155,2021-11-04T20:12:25+00:00,Main,700,ft^3/s,137,ft,319,ft^2,2.20,ft/s,0.00,ft,Firm,Cobbles,Uneven,Uneven,Unknown,Steady,BridgeDownstreamSide,2026-06-28T02:02:23.756701+00:00,adcp,AtTheGage
05412020,POINT (-91.4012767402577 42.8434851705994),a8f87ce2-f11a-497d-bdf6-698b44bba41c,USGS-05412020,5d81be53-bdd9-6afe-e053-0100007f5e0b,128,2017-11-07T17:59:27+00:00,elk128,641,ft^3/s,139,ft,375,ft^2,1.71,ft/s,0.00,ft,Firm,CobblesBoulders,Even,Uneven,Standard,Steady,BridgeDownstreamSide,2026-06-28T02:02:23.756701+00:00,adcp,AtTheGage
05412020,POINT (-91.4012767402577 42.8434851705994),ac4d8fbe-30b6-4fdf-ac25-b69b1b58ea93,USGS-05412020,4e647dc3-8dc9-53f6-e053-0100007f2191,15,2003-05-10T16:01:00+00:00,Imported Channel 1,2370,ft^3/s,145,ft,674,ft^2,3.51,ft/s,,,Unspecified,Unspecified,Unspecified,Unspecified,Unspecified,Unknown,BridgeCrane,2026-06-28T02:02:23.756701+00:00,point_velocity,Unspecified
05412020,POINT (-91.4012767402577 42.8434851705994),ae059dff-d305-42fc-bfcd-9ef973598e14,USGS-05412020,4e647f6e-7ed1-54bb-e053-0100007f74ec,69,2009-11-03T21:08:00+00:00,Imported Channel 1,1500,ft^3/s,150,ft,452,ft^2,3.32,ft/s,,ft,Firm,Gravel,Even,Even,Unspecified,Unknown,BridgeDownstreamSide,2026-06-28T02:02:23.756701+00:00,adcp,AtTheGage
05412020,POINT (-91.4012767402577 42.8434851705994),b0740185-3f8b-4c45-9990-ec4a1d917c04,USGS-05412020,4e6488dc-6f53-5a83-e053-0100007f6977,95,2013-06-18T19:40:00+00:00,Imported Channel 1,2110,ft^3/s,153,ft,598,ft^2,3.52,ft/s,10.00,ft,Firm,CobblesBoulders,Even,Even,Standard,Unknown,MannedMovingBoat,2026-06-28T02:02:23.756701+00:00,adcp,Downstream
05412020,POINT (-91.4012767402577 42.8434851705994),b1570859-c87a-4ae8-92fd-3bb27ba8b3fd,USGS-05412020,4e647f6e-7ed0-54bb-e053-0100007f74ec,65,2009-05-19T12:19:00+00:00,Imported Channel 1,1100,ft^3/s,144,ft,360,ft^2,3.07,ft/s,,ft,Firm,Gravel,Even,Even,Unspecified,Unknown,BridgeDownstreamSide,2026-06-28T02:02:23.756701+00:00,adcp,AtTheGage
05412020,POINT (-91.4012767402577 42.8434851705994),b1eb112e-152e-459e-9f80-d1939582eee0,USGS-05412020,4e648296-0bc0-5770-e053-0100007facb5,63,2008-11-19T17:20:00+00:00,Imported Channel 1,261,ft^3/s,131,ft,166,ft^2,1.58,ft/s,,,Firm,Gravel,Even,Even,Unspecified,Unknown,Wading,2026-06-28T02:02:23.756701+00:00,point_velocity,AtTheGage
05412020,POINT (-91.4012767402577 42.8434851705994),b56d6423-be56-4a9a-975d-a89e4c8048e5,USGS-05412020,4e648267-f80d-577a-e053-0100007fff8f,18,2003-08-01T18:05:00+00:00,Imported Channel 1,237,ft^3/s,122,ft,211,ft^2,1.12,ft/s,,,Unspecified,Unspecified,Unspecified,Unspecified,Unspecified,Unknown,Wading,2026-06-28T02:02:23.756701+00:00,point_velocity,Unspecified
05412020,POINT (-91.4012767402577 42.8434851705994),b8a3a608-7bd1-4f24-8945-6e0c3ddc4f40,USGS-05412020,4e648d86-1e39-5cf9-e053-0100007ff0f3,116,2016-04-18T16:02:39+00:00,main,1030,ft^3/s,144,ft,516,ft^2,1.99,ft/s,10.00,ft,Firm,Sand,Even,Even,Standard,Unknown,BridgeDownstreamSide,2026-06-28T02:02:23.756701+00:00,adcp,Downstream
05412020,POINT (-91.4012767402577 42.8434851705994),ba882fdc-1f17-4d6d-8f09-2b91f008d118,USGS-05412020,4e64821e-1eba-5732-e053-0100007f8988,110,2015-06-29T21:40:43+00:00,Main,1370,ft^3/s,155,ft,540,ft^2,2.54,ft/s,20.00,ft,Firm,Gravel,Uneven,Uneven,Standard,Unknown,BridgeDownstreamSide,2026-06-28T02:02:23.756701+00:00,adcp,Downstream
05412020,POINT (-91.4012767402577 42.8434851705994),baac8510-54e0-45d5-9e77-a2faeba4f89f,USGS-05412020,4e647cd0-b46a-5339-e053-0100007fea77,10,2002-10-15T21:59:00+00:00,Imported Channel 1,209,ft^3/s,134,ft,210,ft^2,1.00,ft/s,,,Unspecified,Unspecified,Unspecified,Unspecified,Unspecified,Unknown,Wading,2026-06-28T02:02:23.756701+00:00,point_velocity,Unspecified
05412020,POINT (-91.4012767402577 42.8434851705994),bc6d99b9-4885-4893-b3ba-02c9bc60ac89,USGS-05412020,4e6481b3-5a83-56e8-e053-0100007f7c96,120,2016-09-12T17:29:05+00:00,Overflow,12.7,ft^3/s,38.5,ft,15.0,ft^2,0.85,ft/s,,,Firm,Cobbles,Even,Uneven,Standard,Unknown,Wading,2026-06-28T02:02:23.756701+00:00,point_velocity,AtTheGage
05412020,POINT (-91.4012767402577 42.8434851705994),bee32b23-bf76-4ad5-9299-d1ecfac3cdb2,USGS-05412020,4e648199-ae1f-56c9-e053-0100007f94c0,21,2003-12-09T18:25:00+00:00,Imported Channel 1,131,ft^3/s,45.0,ft,54.2,ft^2,2.41,ft/s,,,Unspecified,Unspecified,Unspecified,Unspecified,Unspecified,Unknown,Wading,2026-06-28T02:02:23.756701+00:00,point_velocity,Unspecified
05412020,POINT (-91.4012767402577 42.8434851705994),bf6e7a7c-6678-4ffc-a202-e75d2dc0a82e,USGS-05412020,665db3c8-92f2-4e67-b6a9-363c50b565e0,167,2023-10-25T19:34:10+00:00,Main,183,ft^3/s,99.0,ft,77.3,ft^2,2.37,ft/s,100.00,ft,Firm,Gravel,Uneven,Uneven,Unknown,Steady,Wading,2026-06-28T02:02:23.756701+00:00,point_velocity,Downstream
05412020,POINT (-91.4012767402577 42.8434851705994),c0d0b8cc-271a-4389-8d9b-c3b8be02e146,USGS-05412020,8f143d7b-633f-0e40-e053-0100007f6063,140,2019-08-01T18:38:11+00:00,main,763,ft^3/s,145,ft,420,ft^2,1.82,ft/s,10.00,ft,Firm,Sand,Even,Even,Standard,Steady,BridgeDownstreamSide,2026-06-28T02:02:23.756701+00:00,adcp,Downstream
05412020,POINT (-91.4012767402577 42.8434851705994),c17b4535-53d6-4f2a-b747-1c15ed5b8a4f,USGS-05412020,b0eb9e83-a2a9-4e14-a22a-7d17cecec112,143,2020-01-09T18:39:06+00:00,Main,743,ft^3/s,148,ft,453,ft^2,1.64,ft/s,0.00,ft,Firm,Sand,Even,Uneven,NonStandard,Pulsating,BridgeDownstreamSide,2026-06-28T02:02:23.756701+00:00,adcp,AtTheGage
05412020,POINT (-91.4012767402577 42.8434851705994),c1b9b4b8-c21c-437c-ae6f-246ff3f5eef0,USGS-05412020,a1245614-8416-4a0d-9a17-31aa633cc4a9,152,2021-04-26T18:43:25+00:00,Main,477,ft^3/s,134,ft,306,ft^2,1.56,ft/s,5.00,ft,Firm,Sand,Uneven,Even,NonStandard,Steady,Wading,2026-06-28T02:02:23.756701+00:00,point_velocity,Upstream
05412020,POINT (-91.4012767402577 42.8434851705994),c2ee00c1-6131-46a7-a07d-7692dc4297f3,USGS-05412020,4e648229-bf95-5708-e053-0100007f28ff,77,2010-11-09T20:36:00+00:00,Imported Channel 1,314,ft^3/s,134,ft,225,ft^2,1.39,ft/s,10.00,ft,Firm,Gravel,Uneven,Uneven,Unspecified,Unknown,Wading,2026-06-28T02:02:23.756701+00:00,point_velocity,Upstream
05412020,POINT (-91.4012767402577 42.8434851705994),c323ed09-ddaf-43ac-bb0f-00700ce7ab65,USGS-05412020,4e648267-f812-577a-e053-0100007fff8f,32,2005-01-11T18:12:00+00:00,Imported Channel 1,228,ft^3/s,125,ft,158,ft^2,1.44,ft/s,,,Unspecified,Unspecified,Unspecified,Unspecified,Unspecified,Unknown,Wading,2026-06-28T02:02:23.756701+00:00,point_velocity,Unspecified
05412020,POINT (-91.4012767402577 42.8434851705994),c4b3b4b3-89b6-4179-a800-908e6b22da5a,USGS-05412020,dc0c388a-2d4c-46fd-9809-99a268f3fe0a,166,2023-08-14T17:54:28+00:00,Main Channel,230,ft^3/s,124,ft,328,ft^2,0.70,ft/s,50.00,ft,Firm,Cobbles,Uneven,Uneven,Standard,Steady,BridgeDownstreamSide,2026-06-28T02:02:23.756701+00:00,adcp,Downstream
05412020,POINT (-91.4012767402577 42.8434851705994),c5b70bbc-af76-4555-b23b-6ba47532603e,USGS-05412020,4e647d3c-f426-53d4-e053-0100007f7a69,26,2004-05-23T22:09:00+00:00,Imported Channel 1,23300,ft^3/s,412,ft,4420,ft^2,5.27,ft/s,,ft,Unspecified,Unspecified,Unspecified,Unspecified,Unspecified,Unknown,Unspecified,2026-06-28T02:02:23.756701+00:00,adcp,Unspecified
05412020,POINT (-91.4012767402577 42.8434851705994),c5fb22c1-80da-4652-bfd8-5ffc1ebb7c0a,USGS-05412020,3893786b-796b-4bc5-a165-a5f1d50a5611,144,2020-02-19T19:18:09+00:00,MAIN,427,ft^3/s,123,ft,316,ft^2,1.35,ft/s,15.00,ft,Firm,Sand,Even,Uneven,Standard,Pulsating,BridgeDownstreamSide,2026-06-28T02:02:23.756701+00:00,adcp,Downstream
05412020,POINT (-91.4012767402577 42.8434851705994),c61d7fc6-958b-4b6b-ba5e-2b601145f733,USGS-05412020,f02521a2-33d0-4294-b720-b9a2a0e07c8b,179,2025-12-09T18:43:11+00:00,Main,320,ft^3/s,115,ft,121,ft^2,2.65,ft/s,150.00,ft,Firm,Cobbles,Uneven,Uneven,Unknown,Pulsating,Wading,2026-06-28T02:02:23.756701+00:00,point_velocity,Downstream
05412020,POINT (-91.4012767402577 42.8434851705994),c94c2897-ac73-44e6-ab32-1c49b71bf0c8,USGS-05412020,4e64854a-384e-5902-e053-0100007f1a18,13,2003-02-19T19:59:00+00:00,Imported Channel 1,115,ft^3/s,39.0,ft,55.3,ft^2,2.08,ft/s,,,Unspecified,Unspecified,Unspecified,Unspecified,Unspecified,Unknown,Wading,2026-06-28T02:02:23.756701+00:00,point_velocity,Unspecified
05412020,POINT (-91.4012767402577 42.8434851705994),c9c3bf40-e608-4e00-b487-c006c387b0bd,USGS-05412020,4e647e86-8a3e-54d5-e053-0100007f998b,45,2006-10-03T16:50:00+00:00,Imported Channel 1,206,ft^3/s,91.0,ft,138,ft^2,1.50,ft/s,,,Unspecified,Unspecified,Unspecified,Unspecified,Unspecified,Unknown,Wading,2026-06-28T02:02:23.756701+00:00,point_velocity,Unspecified
05412020,POINT (-91.4012767402577 42.8434851705994),cb8b53c2-44c7-4b15-92f6-3d50b6f282ef,USGS-05412020,4e647c92-085b-4eec-e053-0100007f94bd,66,2009-06-24T18:22:00+00:00,Imported Channel 1,1440,ft^3/s,145,ft,438,ft^2,3.29,ft/s,,ft,Firm,Gravel,Uneven,Even,Unspecified,Unknown,BridgeDownstreamSide,2026-06-28T02:02:23.756701+00:00,adcp,AtTheGage
05412020,POINT (-91.4012767402577 42.8434851705994),cc3a8ac8-9abc-4bce-b643-e957f33a7207,USGS-05412020,4e647cf1-a09a-4e90-e053-0100007f6f44,52,2007-07-24T19:36:00+00:00,Imported Channel 1,718,ft^3/s,121,ft,286,ft^2,2.51,ft/s,,ft,Unspecified,Unspecified,Unspecified,Unspecified,Unspecified,Unknown,Unspecified,2026-06-28T02:02:23.756701+00:00,adcp,Unspecified
05412020,POINT (-91.4012767402577 42.8434851705994),ccc02be5-d02f-4bc5-923d-fe1525fc6dfb,USGS-05412020,d8411d3c-75b6-4246-a775-9883588f3793,165,2023-06-14T22:44:04+00:00,Main,510,ft^3/s,132,ft,405,ft^2,1.26,ft/s,0.00,ft,Firm,Gravel,Uneven,Uneven,Unknown,Steady,BridgeDownstreamSide,2026-06-28T02:02:23.756701+00:00,adcp,AtTheGage
05412020,POINT (-91.4012767402577 42.8434851705994),cd19d3d8-ae85-4f50-90b0-83290dccccfb,USGS-05412020,4e649009-3ca2-5c6c-e053-0100007fafd9,114,2016-01-27T17:47:17+00:00,main,622,ft^3/s,155,ft,381,ft^2,1.63,ft/s,,ft,Firm,Sand,Even,Even,Standard,Unknown,BridgeDownstreamSide,2026-06-28T02:02:23.756701+00:00,adcp,AtTheGage
05412020,POINT (-91.4012767402577 42.8434851705994),ce17c0ac-2651-4e89-a5d2-725d2a1455c1,USGS-05412020,7865aead-9b9e-4d3b-bf0a-a615c309328b,151,2021-03-04T21:50:47+00:00,MAIN,446,ft^3/s,139,ft,287,ft^2,1.55,ft/s,30.00,ft,Firm,CobblesBoulders,Uneven,Uneven,NonStandard,Pulsating,BridgeDownstreamSide,2026-06-28T02:02:23.756701+00:00,adcp,Downstream
05412020,POINT (-91.4012767402577 42.8434851705994),cfac3d59-20b4-465c-8858-22139a243366,USGS-05412020,4e647d3a-c196-5408-e053-0100007fafe5,124,2017-04-17T16:22:37+00:00,main,4500,ft^3/s,168,ft,939,ft^2,4.79,ft/s,,ft,Soft,Cobbles,Even,Even,NonStandard,Unknown,BridgeDownstreamSide,2026-06-28T02:02:23.756701+00:00,adcp,AtTheGage
05412020,POINT (-91.4012767402577 42.8434851705994),d20d2b06-10c9-4084-8d1b-f9560a4435c3,USGS-05412020,4e647f81-8594-559a-e053-0100007fb060,90,2012-08-21T13:56:00+00:00,Imported Channel 1,133,ft^3/s,129,ft,200,ft^2,0.66,ft/s,,,Firm,CobblesBoulders,Even,Even,Uniform,Unknown,Wading,2026-06-28T02:02:23.756701+00:00,point_velocity,AtTheGage
05412020,POINT (-91.4012767402577 42.8434851705994),d2986e06-45f5-4989-b183-97dd22a56864,USGS-05412020,4e647d24-f208-539d-e053-0100007ffc84,20,2003-10-29T20:20:00+00:00,Imported Channel 1,111,ft^3/s,48.0,ft,56.9,ft^2,1.96,ft/s,,,Unspecified,Unspecified,Unspecified,Unspecified,Unspecified,Unknown,Wading,2026-06-28T02:02:23.756701+00:00,point_velocity,Unspecified
05412020,POINT (-91.4012767402577 42.8434851705994),d4b43723-a039-4c02-842e-d0615f58e80c,USGS-05412020,4e647e86-8a33-54d5-e053-0100007f998b,1,2001-08-28T19:10:00+00:00,Imported Channel 1,257,ft^3/s,84.0,ft,101,ft^2,2.54,ft/s,,,Unspecified,Unspecified,Unspecified,Unspecified,Unspecified,Unknown,Wading,2026-06-28T02:02:23.756701+00:00,point_velocity,Unspecified
05412020,POINT (-91.4012767402577 42.8434851705994),d79ee513-3abe-462a-8675-b81c25f54478,USGS-05412020,4e647e72-e26d-54bd-e053-0100007fbad1,67,2009-08-12T15:43:00+00:00,Imported Channel 1,466,ft^3/s,139,ft,210,ft^2,2.22,ft/s,5.00,ft,Firm,Sand,Even,Even,Unspecified,Unknown,Wading,2026-06-28T02:02:23.756701+00:00,point_velocity,Upstream
05412020,POINT (-91.4012767402577 42.8434851705994),d9cb8da6-b06a-4378-be9b-1f9daa16d80b,USGS-05412020,4e64854a-384d-5902-e053-0100007f1a18,2,2001-10-02T21:30:00+00:00,Imported Channel 1,317,ft^3/s,136,ft,226,ft^2,1.40,ft/s,,,Unspecified,Unspecified,Unspecified,Unspecified,Unspecified,Unknown,Wading,2026-06-28T02:02:23.756701+00:00,point_velocity,Unspecified
05412020,POINT (-91.4012767402577 42.8434851705994),dab01862-6631-4196-8fb1-376f12cdbcf9,USGS-05412020,4e648d86-1e36-5cf9-e053-0100007ff0f3,103,2014-06-20T19:37:32+00:00,Turkey River at Eklader,13400,ft^3/s,217,ft,2480,ft^2,5.43,ft/s,30.00,ft,Firm,CobblesBoulders,Even,Even,Uniform,Unknown,BridgeDownstreamSide,2026-06-28T02:02:23.756701+00:00,adcp,Downstream
05412020,POINT (-91.4012767402577 42.8434851705994),db87de1e-44ee-4868-a1fb-7492ce108a51,USGS-05412020,cb469397-fb10-40c5-a7de-2cae115930c5,173,2024-10-22T15:49:40+00:00,Main,183,ft^3/s,121,ft,304,ft^2,0.60,ft/s,0.00,ft,Firm,Cobbles,Uneven,Uneven,Unknown,Pulsating,BridgeDownstreamSide,2026-06-28T02:02:23.756701+00:00,adcp,AtTheGage
05412020,POINT (-91.4012767402577 42.8434851705994),dbfc54ba-ab43-4f05-b641-43b03e38bf59,USGS-05412020,61c870e5-1a8d-4b23-8a2d-2204cd7184f8,164,2023-04-24T17:07:41+00:00,Main,1780,ft^3/s,147,ft,554,ft^2,3.22,ft/s,0.00,ft,Firm,Gravel,Uneven,Uneven,Unknown,Steady,BridgeDownstreamSide,2026-06-28T02:02:23.756701+00:00,adcp,AtTheGage
05412020,POINT (-91.4012767402577 42.8434851705994),dd49ff4e-5bfc-4259-ab21-f26f802b0d71,USGS-05412020,4e647e7f-4e3f-54d9-e053-0100007f804d,49,2007-03-13T17:19:00+00:00,Imported Channel 1,2060,ft^3/s,119,ft,495,ft^2,4.16,ft/s,,ft,Unspecified,Unspecified,Unspecified,Unspecified,Unspecified,Unknown,Unspecified,2026-06-28T02:02:23.756701+00:00,adcp,Unspecified
05412020,POINT (-91.4012767402577 42.8434851705994),df7772df-5b89-4a76-9efc-b4310e703f72,USGS-05412020,6cbd3592-87e7-ca95-e053-0100007f8d3c,132,2018-05-21T16:07:00+00:00,CHECK,2070,ft^3/s,154,ft,642,ft^2,3.22,ft/s,20.00,ft,Firm,Cobbles,Even,Uneven,NonStandard,Pulsating,BridgeDownstreamSide,2026-06-28T02:02:23.756701+00:00,adcp,Downstream
05412020,POINT (-91.4012767402577 42.8434851705994),e1051d14-68a2-4562-9096-edbe4c872ca1,USGS-05412020,4e647cda-a7d7-53e2-e053-0100007ffe3d,92,2012-12-11T20:30:00+00:00,Main Channel,95.4,ft^3/s,130,ft,165,ft^2,0.58,ft/s,10.00,ft,Firm,CobblesBoulders,Even,Uneven,Standard,Unknown,Wading,2026-06-28T02:02:23.756701+00:00,point_velocity,Upstream
05412020,POINT (-91.4012767402577 42.8434851705994),e131c9d4-af38-4d10-9e81-3975af757543,USGS-05412020,4e648d44-8def-5ccd-e053-0100007f775e,60,2008-06-10T15:15:00+00:00,Imported Channel 1,36800,ft^3/s,611,ft,6370,ft^2,5.78,ft/s,,ft,Unspecified,Unspecified,Unspecified,Unspecified,Unspecified,Unknown,Unspecified,2026-06-28T02:02:23.756701+00:00,adcp,Unspecified
05412020,POINT (-91.4012767402577 42.8434851705994),e2af20f7-1e5f-4f91-ac14-1b1207049576,USGS-05412020,4e647e1f-3d07-5503-e053-0100007f051e,61,2008-07-28T14:40:00+00:00,Imported Channel 1,625,ft^3/s,138,ft,249,ft^2,2.50,ft/s,,,Unspecified,Unspecified,Unspecified,Unspecified,Unspecified,Unknown,Wading,2026-06-28T02:02:23.756701+00:00,point_velocity,Unspecified
05412020,POINT (-91.4012767402577 42.8434851705994),e35de83a-2d62-4eca-aed3-ebec8a78c1d7,USGS-05412020,4e647e7f-4e54-54d9-e053-0100007f804d,111,2015-08-13T16:43:30+00:00,Main,360,ft^3/s,90.0,ft,122,ft^2,2.96,ft/s,150.00,ft,Firm,Cobbles,Uneven,Uneven,NonStandard,Unknown,Wading,2026-06-28T02:02:23.756701+00:00,point_velocity,Downstream
05412020,POINT (-91.4012767402577 42.8434851705994),e449f4ed-fb91-4a3d-9ddb-419be5aa5e25,USGS-05412020,784fbbc1-5e57-36ae-e053-0100007f6109,135,2018-10-15T22:30:31+00:00,MAIN,3430,ft^3/s,169,ft,837,ft^2,4.10,ft/s,40.00,ft,Firm,Gravel,Uneven,Uneven,NonStandard,Pulsating,BridgeDownstreamSide,2026-06-28T02:02:23.756701+00:00,adcp,Downstream
05412020,POINT (-91.4012767402577 42.8434851705994),e450edd8-7b21-4bcd-b2c3-043930deaf1a,USGS-05412020,4e647e04-a3c9-54b7-e053-0100007f283c,68,2009-09-22T15:46:00+00:00,Imported Channel 1,223,ft^3/s,134,ft,167,ft^2,1.33,ft/s,,,Firm,Gravel,Even,Even,Unspecified,Unknown,Wading,2026-06-28T02:02:23.756701+00:00,point_velocity,Unspecified
05412020,POINT (-91.4012767402577 42.8434851705994),e5063dee-4821-4b69-86c7-b55c826f9dbf,USGS-05412020,fcc6b8bc-7beb-4548-a495-c30fc5ecc5d2,159,2022-08-01T21:40:44+00:00,Main,827,ft^3/s,136,ft,423,ft^2,1.96,ft/s,0.00,ft,Firm,Cobbles,Uneven,Uneven,Unknown,Steady,BridgeDownstreamSide,2026-06-28T02:02:23.756701+00:00,adcp,AtTheGage
05412020,POINT (-91.4012767402577 42.8434851705994),e620ad90-9076-481b-a2ef-c7e651b8450c,USGS-05412020,d517556e-ef9e-48c4-b810-c135d755da88,158,2022-05-24T15:04:33+00:00,Main,807,ft^3/s,142,ft,418,ft^2,1.93,ft/s,0.00,ft,Firm,Gravel,Uneven,Uneven,Unknown,Steady,BridgeDownstreamSide,2026-06-28T02:02:23.756701+00:00,adcp,AtTheGage
05412020,POINT (-91.4012767402577 42.8434851705994),e694d858-3f78-47a0-9600-9ec5e659ff34,USGS-05412020,815602f2-0550-adeb-e053-0100007ffb5c,136,2019-02-07T17:56:21+00:00,MAIN,2000,ft^3/s,168,ft,686,ft^2,2.92,ft/s,0.00,ft,Firm,Gravel,Even,Even,NonStandard,Pulsating,BridgeDownstreamSide,2026-06-28T02:02:23.756701+00:00,adcp,AtTheGage
05412020,POINT (-91.4012767402577 42.8434851705994),e9f44527-9ef3-4653-9c15-6e0b82d0f9b3,USGS-05412020,93453319-8541-2de1-e053-0100007fe99d,141,2019-09-23T20:02:17+00:00,MAIN,2480,ft^3/s,147,ft,717,ft^2,3.45,ft/s,10.00,ft,Firm,CobblesBoulders,Uneven,Uneven,NonStandard,Pulsating,BridgeDownstreamSide,2026-06-28T02:02:23.756701+00:00,adcp,Downstream
05412020,POINT (-91.4012767402577 42.8434851705994),eaa58f47-a6e3-414c-8f9a-6bf65fd21191,USGS-05412020,4e647eb3-f590-553a-e053-0100007fe324,119,2016-08-26T17:43:04+00:00,Overflow Channel,8570,ft^3/s,167,ft,1300,ft^2,6.57,ft/s,,ft,Unspecified,Unspecified,Unspecified,Uneven,Standard,Unknown,BridgeDownstreamSide,2026-06-28T02:02:23.756701+00:00,adcp,Unspecified
05412020,POINT (-91.4012767402577 42.8434851705994),ec2bb1a8-e168-44b9-b8c0-9f431b1f8cb2,USGS-05412020,8c2866b8-778c-060e-e053-0100007f7d3b,139,2019-06-06T19:32:44+00:00,MAIN,2220,ft^3/s,167,ft,709,ft^2,3.14,ft/s,40.00,ft,Firm,CobblesBoulders,Uneven,Uneven,Standard,Pulsating,BridgeDownstreamSide,2026-06-28T02:02:23.756701+00:00,adcp,Downstream
05412020,POINT (-91.4012767402577 42.8434851705994),ec4343bd-d220-4d44-8fcc-e6576e5a61b7,USGS-05412020,4e647d3c-f427-53d4-e053-0100007f7a69,29,2004-08-04T19:03:00+00:00,Imported Channel 1,1070,ft^3/s,118,ft,362,ft^2,2.96,ft/s,,ft,Unspecified,Unspecified,Unspecified,Unspecified,Unspecified,Unknown,Unspecified,2026-06-28T02:02:23.756701+00:00,adcp,Unspecified
05412020,POINT (-91.4012767402577 42.8434851705994),ee289456-845f-4eae-b01b-d1edbe6846a2,USGS-05412020,4e647e4f-1f8b-54e1-e053-0100007ff830,104,2014-08-21T16:43:00+00:00,Main Channel,362,ft^3/s,130,ft,235,ft^2,1.54,ft/s,,,Firm,Sand,Uneven,Even,Standard,Unknown,Wading,2026-06-28T02:02:23.756701+00:00,point_velocity,AtTheGage
05412020,POINT (-91.4012767402577 42.8434851705994),f0b8f432-3123-45f5-ba4a-a039b6198da7,USGS-05412020,4e648238-a6cb-5706-e053-0100007f7574,91,2012-10-09T18:32:00+00:00,Imported Channel 1,111,ft^3/s,130,ft,181,ft^2,0.61,ft/s,10.00,ft,Firm,CobblesBoulders,Even,Even,Uniform,Unknown,Wading,2026-06-28T02:02:23.756701+00:00,point_velocity,Upstream
05412020,POINT (-91.4012767402577 42.8434851705994),f4be2ee2-ff23-4cb3-b65d-08662ce41301,USGS-05412020,4e64854a-385a-5902-e053-0100007f1a18,107,2014-12-18T17:26:30+00:00,Main,206,ft^3/s,127,ft,264,ft^2,0.78,ft/s,30.00,ft,Firm,Sand,Even,Even,Standard,Unknown,Wading,2026-06-28T02:02:23.756701+00:00,point_velocity,Upstream
05412020,POINT (-91.4012767402577 42.8434851705994),f795ac88-fc52-43b6-91b1-088120fd3723,USGS-05412020,762cc7ef-890e-d2a1-e053-0100007f1e35,134,2018-09-18T19:31:07+00:00,main,1350,ft^3/s,151,ft,496,ft^2,2.72,ft/s,20.00,ft,Soft,Sand,Even,Even,Standard,Steady,BridgeDownstreamSide,2026-06-28T02:02:23.756701+00:00,adcp,Downstream
05412020,POINT (-91.4012767402577 42.8434851705994),f7e457ad-1c34-472f-9dc0-a117deedf531,USGS-05412020,6518d68d-b243-e0c2-e053-0100007f2923,129,2018-02-12T18:42:30+00:00,MAIN,332,ft^3/s,108,ft,156,ft^2,2.13,ft/s,20.00,ft,Firm,CobblesBoulders,Even,Uneven,NonStandard,Pulsating,Wading,2026-06-28T02:02:23.756701+00:00,point_velocity,Downstream
05412020,POINT (-91.4012767402577 42.8434851705994),f907a1fd-6cfb-4848-92d3-6323e30a6ba0,USGS-05412020,4e647cda-a7d1-53e2-e053-0100007ffe3d,85,2011-11-22T19:43:00+00:00,Main,201,ft^3/s,120,ft,256,ft^2,0.79,ft/s,75.00,ft,Firm,Sand,Uneven,Even,Standard,Unknown,Wading,2026-06-28T02:02:23.756701+00:00,point_velocity,Upstream
05412020,POINT (-91.4012767402577 42.8434851705994),f988924e-caee-4187-9c0a-bcfc201d49d2,USGS-05412020,9d375811-eaef-4419-b81b-59aa6a92243a,146,2020-06-11T17:37:56+00:00,MAIN,11900,ft^3/s,188,ft,1800,ft^2,6.65,ft/s,30.00,ft,Soft,Gravel,Even,Uneven,NonStandard,Pulsating,BridgeDownstreamSide,2026-06-28T02:02:23.756701+00:00,adcp,Downstream
05412020,POINT (-91.4012767402577 42.8434851705994),fa5a6d57-e2bd-4fbd-8537-edcac8a0dc5b,USGS-05412020,55ceae45-c1ba-33af-e053-0100007f493b,126,2017-08-02T21:38:46+00:00,Main,1030,ft^3/s,144,ft,438,ft^2,2.34,ft/s,20.00,ft,Firm,Sand,Even,Uneven,Standard,Pulsating,BridgeDownstreamSide,2026-06-28T02:02:23.756701+00:00,adcp,Downstream
05412020,POINT (-91.4012767402577 42.8434851705994),fb90cd0c-2fcb-48f3-ac4f-16af16c1bc40,USGS-05412020,4e64896e-852f-5ac0-e053-0100007ff6b5,94,2013-04-29T20:12:00+00:00,Imported Channel 1,1110,ft^3/s,148,ft,453,ft^2,2.44,ft/s,,ft,Firm,CobblesBoulders,Even,Even,Standard,Unknown,BridgeDownstreamSide,2026-06-28T02:02:23.756701+00:00,adcp,AtTheGage
05412020,POINT (-91.4012767402577 42.8434851705994),fb922e4e-b249-431f-8fc6-eef70a162721,USGS-05412020,e5a4f02d-7952-46bb-b21a-5cffbcb2f11c,161,2022-11-09T18:01:33+00:00,Main,421,ft^3/s,122,ft,138,ft^2,3.05,ft/s,100.00,ft,Firm,CobblesBoulders,Uneven,Uneven,Unknown,Steady,Wading,2026-06-28T02:02:23.756701+00:00,point_velocity,Downstream
05412020,POINT (-91.4012767402577 42.8434851705994),fdedfcc1-3150-4578-b67e-36772d95b679,USGS-05412020,4e647d3c-f424-53d4-e053-0100007f7a69,4,2002-01-09T16:55:00+00:00,Imported Channel 1,242,ft^3/s,130,ft,191,ft^2,1.27,ft/s,,,Unspecified,Unspecified,Unspecified,Unspecified,Unspecified,Unknown,Wading,2026-06-28T02:02:23.756701+00:00,point_velocity,Unspecified
