site_id,huc4,station_name,lat,lng,stream_order,drain_area_sqkm,max_width_m,max_depth_m,gage_datum_alt_va_m,riverbed_elev_m,dem_elev_m_10m,burn_value_m_10m,dem_elev_m_30m,burn_value_m_30m,vertical_datum_type
05411850,0706,"Turkey River near Eldorado, IA",43.0541879264244,-91.8090982653687,5,1664.225,83.77988849287027,3.7966345978032647,271.351248,272.4835183330011,272.83978271484375,0.3562643818426636,273.03460693359375,0.5510886005926636,Unknown
05412020,0706,"Turkey River above French Hollow Cr at Elkader, IA",42.8434851705994,-91.4012767402577,5,2355.58,86.98050754577662,3.9457045664089163,211.72932,212.72788233452346,213.5704345703125,0.8425522357890429,213.7523193359375,1.024437001414043,Unknown
05412400,0706,"Volga River at Littleport, IA",42.7538753144323,-91.3690252075114,5,942.5907,47.77965800968987,3.7878705031181727,206.282544,207.10547006281843,208.05160522460938,0.9461351617909486,208.84536743164062,1.7398973688221986,Unknown
05412500,0706,"Turkey River at Garber, IA",42.7399884281497,-91.2617990802579,6,3858.214,83.85231972612644,5.430552167501768,194.730624,195.64309880995032,196.37899780273438,0.7358989927840582,196.41424560546875,0.7711467955184332,Unknown
05413500,0706,"GRANT RIVER AT BURTON, WI",42.72027777777778,-90.81916666666666,5,695.3256,49.07440175040841,4.768698985736106,184.751472,185.4109921089669,186.8238525390625,1.4128604300956056,188.17019653320312,2.7592044242362306,Unknown
05416900,0706,"Maquoketa River at Manchester, IA",42.4699878417593,-91.4487146874303,5,722.7054,102.12952443825517,4.189400003622597,274.402296,275.17622049045553,276.1230163574219,0.9467958669663403,276.2438049316406,1.0675844411850903,Unknown
05418400,0706,"North Fork Maquoketa River near Fulton, IA",42.1643333333333,-90.7293333333333,5,1302.337,71.52856353271272,4.553846968349752,206.831184,207.15215626197534,208.3099365234375,1.1577802614621646,208.42282104492188,1.2706647829465396,Unknown
05418500,0706,"Maquoketa River near Maquoketa, IA",42.0833527777778,-90.6329166666667,6,4019.218,157.97781143697213,4.593843690774796,190.692024,193.0119051358399,194.1183624267578,1.1064572909179162,194.12449645996094,1.1125913241210412,Unknown
05419000,0706,"APPLE RIVER NEAR HANOVER, IL",42.2583333333333,-90.285,5,638.6625,73.69899074059293,5.296227814233152,184.958736,184.21598928493464,184.22439575195312,0.008406467018488684,185.0419921875,0.8260029025653637,Unknown
05420680,0708,"Wapsipinicon River near Tripoli, IA",42.8360916666667,-92.2574,5,896.9979,221.42937543729576,2.9387192011643384,300.651672,302.23017242179935,303.44000244140625,1.2098300196068976,303.5080261230469,1.2778537012475226,Unknown
05421000,0708,"Wapsipinicon River at Independence, IA",42.4635979570031,-91.895172206551,5,2725.647,87.67321647940828,4.6703818787843066,269.059152,269.5901940040424,,,269.8309326171875,0.2407386131450835,Unknown
05421740,0708,"Wapsipinicon River near Anamosa, IA",42.0833611111111,-91.2673888888889,5,4094.893,93.97432374496712,4.84260158620679,229.931976,230.80395496813549,231.83999633789062,1.0360413697551394,231.8877410888672,1.0837861207317019,Unknown
05425500,0709,"ROCK RIVER AT WATERTOWN, WI",43.1880555555556,-88.7261111111111,5,2098.532,69.23903919721985,1.2357824598804235,241.572288,241.59626460162028,242.57313537597656,0.9768707743562857,242.84664916992188,1.2503845683015982,Unknown
05432500,0709,"PECATONICA RIVER AT DARLINGTON, WI",42.6777777777778,-90.1186111111111,5,705.6225,75.06180960447824,3.512257051274951,244.577616,244.53662210845908,245.89573669433594,1.3591145858768527,246.6304931640625,2.0938710556034152,Unknown
05433000,0709,"EAST BR PECATONICA RIVER NEAR BLANCHARDVILLE, WI",42.7855555555556,-89.8611111111111,5,571.7655,38.181819112899866,3.7782344789996487,242.873784,243.30560016504117,244.6736297607422,1.3680295957010173,245.28643798828125,1.9808378232400798,Unknown
05434500,0709,"PECATONICA RIVER AT MARTINTOWN, WI",42.51,-89.8013888888889,6,2677.406,80.73565636193962,5.553703390547188,230.861616,230.89616953499657,232.6573486328125,1.7611790978159263,232.78729248046875,1.8911229454721763,Unknown
05435500,0709,"PECATONICA RIVER AT FREEPORT, IL",42.3002777777778,-89.6152777777778,6,3435.407,91.92284463511184,4.639020499268052,226.286568,225.6066892139235,228.7500762939453,3.1433870800218244,228.8514404296875,3.244751215764012,Unknown
05436500,0709,"SUGAR RIVER NEAR BRODHEAD, WI",42.6123055555556,-89.3979722222222,6,1351.822,68.72629424916367,2.824994954567016,234.080304,233.78085212418185,234.49301147460938,0.7121593504275268,234.49411010742188,0.7132579832400268,Unknown
05437050,0709,"PECATONICA RIVER NR SHIRLAND, ILL",42.4380555555556,-89.175,7,6625.879,98.81487803074697,4.795594442515694,216.892632,216.65794461462193,218.8139190673828,2.155974452760887,218.81509399414062,2.1571493795186996,Unknown
05438500,0709,"KISHWAUKEE RIVER AT BELVIDERE, IL",42.2561320777989,-88.8631564848154,5,1404.788,75.77621046332554,2.3213274321718917,225.0948,225.00198495736956,225.45138549804688,0.44940054067731694,226.14794921875,1.145964261380442,Unknown
05440000,0709,"KISHWAUKEE RIVER NEAR PERRYVILLE, IL",42.1944444444444,-88.9988888888889,5,2847.03,78.7672998530683,3.477633468592852,210.90636,212.01915859994904,212.7375946044922,0.7184360045431504,212.8043975830078,0.7852389830587754,Unknown
05440700,0709,"ROCK RIVER AT BYRON, IL",42.1221888888889,-89.2553638888889,7,19962.22,203.58616603243985,4.091512077495845,202.9968,203.06229263781276,205.64999389648438,2.587701258671615,205.64999389648438,2.587701258671615,Unknown
05447500,0709,"GREEN RIVER NEAR GENESEO, IL",41.4889333333333,-90.1580083333333,6,2575.741,45.271730343044744,4.982735935118897,176.076864,176.25900603578904,178.1970672607422,1.9380612249531453,178.5458984375,2.2868924017109578,Unknown
05451500,0708,"Iowa River at Marshalltown, IA",42.0658209608557,-92.907699735576,5,3973.971,330.649614798516,3.3182109514636395,259.976112,262.15564275514936,263.3400573730469,1.1844146178975166,263.3849792480469,1.2293364928975166,Unknown
05452000,0708,"Salt Creek near Elberon, IA",41.9641611111111,-92.3132416666667,5,516.6864,85.61554277712031,2.5866068004059657,238.762032,240.00927239707988,240.92776489257812,0.9184924954982421,241.09791564941406,1.0886432523341796,Unknown
05453100,0708,"Iowa River at Marengo, IA",41.8127256616889,-92.0647920593456,6,7237.921,388.38373188223005,3.192093211608906,219.59316,220.42813964458009,222.61000061035156,2.1818609657714774,222.6100311279297,2.1818914833496024,Unknown
05453520,0708,"Iowa River below Coralville Dam nr Coralville, IA",41.7152944444444,-91.5301666666667,6,8080.012,142.16357057054034,4.811531267790401,182.78856,194.96844874708708,198.3000030517578,3.331554304670732,198.3004608154297,3.332012068342607,Unknown
05454500,0708,"Iowa River at Iowa City, IA",41.6566833333333,-91.541,6,8478.728,110.46539071040219,4.122080911994051,188.09208,190.06461718481776,191.9897003173828,1.9250831325650495,191.9902801513672,1.9256629665494245,Unknown
05455500,0708,"English River at Kalona, IA",41.4697387242571,-91.7146129287325,5,1486.906,72.65379165124371,4.616409982189438,193.023744,193.5316460508229,194.33999633789062,0.808350287067725,195.2518768310547,1.7202307802317875,Unknown
05457000,0708,"CEDAR RIVER NEAR AUSTIN, MN",43.63757,-92.974797,5,1035.219,42.44823623900567,3.6123628403208734,354.201984,354.57856190067787,354.6535949707031,0.07503307002525617,355.508056640625,0.9294947399471312,Unknown
05457700,0708,"CEDAR RIVER AT CHARLES CITY, IA",43.0621944444444,-92.6738833333333,5,2783.164,83.80448829873328,4.617276568677435,296.61612,296.7422988798961,297.80413818359375,1.0618393036976386,297.8297424316406,1.0874435517445136,Unknown
05458500,0708,"Cedar River at Janesville, IA",42.6483166666667,-92.4651861111111,5,4334.134,139.67055629144403,4.396649513876095,262.420608,261.74037567402695,265.12933349609375,3.3889578220668,265.1401062011719,3.399730527144925,Unknown
05458900,0708,"West Fork Cedar River at Finchford, IA",42.6294277777778,-92.5435222222222,5,2205.097,137.56111150510398,2.374436769897871,264.279888,265.51898271034617,266.7799987792969,1.2610160689507097,266.796630859375,1.2776481490288347,Unknown
05462000,0708,"Shell Rock River at Shell Rock, IA",42.711925,-92.5829666666667,5,4487.382,123.76863626281833,4.828977311171185,269.857728,270.881200587988,271.58843994140625,0.7072393534182311,271.6086120605469,0.7274114725588561,Unknown
05463000,0708,"Beaver Creek at New Hartford, IA",42.572,-92.6182777777778,5,903.0069,126.48484833826366,8.026777183883977,268.775688,265.32091081611605,269.80755615234375,4.486645336227696,269.8929138183594,4.572003002243321,Unknown
05463500,0708,"Black Hawk Creek at Hudson, IA",42.4077638888889,-92.4632472222222,5,777.0222,112.58594433260447,3.8352157370078777,263.639808,264.66996934895997,265.8849182128906,1.2149488639306583,266.1631164550781,1.4931471061181583,Unknown
05464220,0708,"Wolf Creek near Dysart, IA",42.2515277777778,-92.2988888888889,5,775.195,69.54596076176112,3.0021346053549394,252.795024,252.9449994774749,253.50364685058594,0.5586473731110289,254.17489624023438,1.2298967627594664,Unknown
05465000,0708,"Cedar River near Conesville, IA",41.4091916666667,-91.2904305555556,6,20153.82,500.4721815694907,20.577074474512504,177.235104,162.12309352548752,179.58042907714844,17.45733555166092,179.58717346191406,17.464079936426543,Unknown
05466000,0708,"EDWARDS RIVER NEAR ORION, IL",41.27224722222222,-90.37749166666666,5,401.4297,40.35287165899779,2.9699873665984757,199.177656,199.26541930737923,200.02536010742188,0.7599408000426422,201.3844451904297,2.1190258830504547,Unknown
05466500,0708,"EDWARDS RIVER NEAR NEW BOSTON, IL",41.1869773837497,-90.9673663184279,5,1151.567,191.24106179193933,2.5307080666057686,161.278824,164.3529529696362,165.8506317138672,1.4976787442309956,166.17762756347656,1.8246745938403706,Unknown
05469000,0708,"HENDERSON CREEK NEAR OQUAWKA, IL",41.001425,-90.8543083333333,5,1126.56,98.32927812253176,3.8378648188463846,164.787072,168.04121624252264,169.59178161621094,1.5505653736883005,170.37696838378906,2.3357521412664255,Unknown
05471000,0708,"South Skunk River below Squaw Creek near Ames, IA",42.0082222222222,-93.5959722222222,5,1454.435,750.3521042302723,4.0276316599483595,261.475728,263.83657452650874,264.60467529296875,0.7681007664600088,264.66717529296875,0.8306007664600088,Unknown
05471050,0708,"South Skunk River at Colfax, IA",41.6818055555556,-93.2468333333333,5,2098.962,231.82641000185075,4.173031230514704,234.696,236.45680388968648,237.2759552001953,0.8191513105088291,237.40261840820312,0.9458145185166416,Unknown
05471500,0708,"South Skunk River near Oskaloosa, IA",41.3557027777778,-92.6573555555556,6,4246.927,108.64435467235454,5.10621605388027,208.812384,210.43809890833037,212.10000610351562,1.6619071951852504,212.11917114257812,1.6810722342477504,Unknown
05472500,0708,"North Skunk River near Sigourney, IA",41.3008444444444,-92.2046222222222,5,1899.126,577.8082545022036,4.021903527989723,198.330312,198.92274262663415,200.2521209716797,1.3293783450455408,200.7412567138672,1.8185140872330408,Unknown
05473400,0708,"Cedar Creek near Oakland Mills, IA",40.9253027777778,-91.6742166666667,5,1381.734,59.307677136168294,4.549509635523026,172.215048,172.76175622365628,173.29049682617188,0.5287406025155974,173.97967529296875,1.2179190693124724,Unknown
05517530,0712,"KANKAKEE RIVER NR KOUTS, IND.",41.25390845474483,-87.03388542916231,5,3535.799,74.59172054277244,2.8940457695092308,196.48932,196.51499679514882,198.70626831054688,2.191271515398057,198.83734130859375,2.322344513444932,Unknown
05518000,0712,"KANKAKEE RIVER AT SHELBY, IN",41.1828134312722,-87.3403095598096,5,4587.032,88.77617723376947,3.16674149634523,191.396112,191.0846770304132,193.6511688232422,2.566491792828998,193.687255859375,2.6025788289618106,Unknown
05524500,0712,"IROQUOIS RIVER NEAR FORESMAN, IN",40.87057882918802,-87.30667227440456,5,1167.568,130.45580576828615,3.0996609754277338,190.137288,190.5266140988857,193.19046020507812,2.6638461061924374,193.4319305419922,2.9053164431065,Unknown
05525000,0712,"IROQUOIS RIVER AT IROQUOIS, IL",40.8230555555556,-87.5816666666667,5,1746.274,57.80027903816092,4.271615935056217,187.186824,187.70964427646,189.73989868164062,2.0302544051806137,190.27261352539062,2.5629692489306137,Unknown
05525500,0712,"SUGAR CREEK AT MILFORD, IL",40.6299166666667,-87.7235277777778,5,1158.759,123.67121830562301,4.5033175019799945,189.2046,189.49305313584685,191.10398864746094,1.6109355116140875,191.3293914794922,1.8363383436453375,Unknown
05532500,0712,"DES PLAINES RIVER AT RIVERSIDE, IL",41.8214916666667,-87.8220361111111,5,1634.157,88.38158798379068,3.025960229054057,181.167024,181.1146034467838,182.00938415527344,0.894780708489634,182.2543487548828,1.139745308099009,Unknown
05541710,0712,"AUX SABLE CREEK NEAR MORRIS, IL",41.4169444444444,-88.3477777777778,5,445.1454,49.919269730075804,3.990782867580091,156.779976,156.4467931324199,157.97206115722656,1.5252680248066497,157.97206115722656,1.5252680248066497,Unknown
05542000,0712,"MAZON RIVER NEAR COAL CITY, IL",41.2861944444444,-88.3598611111111,5,1165.55,72.19537166907263,4.14517105251094,160.693608,160.76561698532137,161.1572265625,0.39160957717862743,161.2173309326172,0.45171394729581493,Unknown
05545750,0712,"FOX RIVER NEAR NEW MUNSTER, WI",42.6108511625045,-88.2259230488227,6,2054.15,58.96835732493893,4.026776274468475,224.21088,225.19790107388926,226.7006378173828,1.502736743493557,226.70213317871094,1.504232104821682,Unknown
05548280,0712,"NIPPERSINK CREEK NEAR SPRING GROVE, IL",42.4437305555556,-88.247425,5,498.2472,32.95514155152895,2.370352677598016,227.362512,228.08007563677657,228.82728576660156,0.7472101298249925,229.35919189453125,1.27911625775468,Unknown
05551540,0712,"FOX RIVER AT MONTGOMERY, IL",41.73355,-88.3333361111111,6,4445.551,80.7107808448842,2.0958196208473745,183.85536,186.04198037915265,186.17221069335938,0.13023031420672737,186.17221069335938,0.13023031420672737,Unknown
05554500,0713,"VERMILION RIVER AT PONTIAC, IL",40.8778333333333,-88.636,5,1500.099,59.236869450908856,3.858968423438982,188.677296,188.82050117274179,189.6600341796875,0.8395330069457145,190.0500946044922,1.229593431750402,Unknown
05555300,0713,"VERMILION RIVER NEAR LEONORE, IL",41.2083333333333,-88.9305555555556,5,3253.545,83.69632495027393,7.5040072849759465,158.843472,158.87312452722594,160.49893188476562,1.625807357539685,160.49581909179688,1.622694564570935,Unknown
05556500,0713,"BIG BUREAU CREEK AT PRINCETON, IL",41.3674027777778,-89.4979611111111,5,505.0946,61.606378673679835,2.4280884391813395,169.19448,169.31436443230965,169.77261352539062,0.4582490930809797,170.22866821289062,0.9143037805809797,Unknown
05567500,0713,"MACKINAW RIVER NEAR CONGERVILLE, IL",40.6235,-89.2416666666667,5,1982.459,119.00541489430738,3.96036556331115,184.943496,184.7731080379009,185.7061309814453,0.9330229435444153,185.91802978515625,1.1449217472553528,Unknown
05568000,0713,"MACKINAW RIVER NEAR GREEN VALLEY, IL",40.4546666666667,-89.6061666666667,5,2775.387,110.71190813540471,3.105666577256677,145.289016,148.8567553643017,150.11167907714844,1.2549237128467325,150.2774658203125,1.420710456010795,Unknown
05570000,0713,"SPOON RIVER AT SEVILLE, IL",40.4900805555556,-90.3400944444444,6,4241.168,116.62188780830775,5.3101703065968,142.134336,142.91250663666833,145.50997924804688,2.5974726113785493,145.58128356933594,2.668776932667612,Unknown
05570910,0713,"SANGAMON RIVER AT FISHER, IL",40.3109972222222,-88.3223611111111,5,561.0462,82.41570230595639,3.4104332401139676,208.23936,209.25044361761059,209.84817504882812,0.5977314312175395,210.3505859375,1.1001423198894145,Unknown
05572000,0713,"SANGAMON RIVER AT MONTICELLO, IL",40.0311666666667,-88.5891666666667,5,1426.457,144.8584914322145,2.6020580794499044,190.66764,191.25318398781067,193.15306091308594,1.8998769252752652,193.2670440673828,2.01386007957214,Unknown
05573540,0713,"SANGAMON RIVER AT RT 48 AT DECATUR, IL",39.8311111111111,-88.9763888888889,5,2433.287,106.33994002310926,2.474382835870455,177.750216,178.0689453580713,178.37635803222656,0.3074126741552732,178.52989196777344,0.4609466097021482,Unknown
05576000,0713,"SOUTH FORK SANGAMON RIVER NR ROCHESTER, IL",39.7422222222222,-89.5672777777778,5,2243.371,96.78388774897319,7.596002397131532,155.72232,156.89933476027196,157.3993377685547,0.5000030082827323,158.4202423095703,1.5209075492983573,Unknown
05576500,0713,"SANGAMON RIVER AT RIVERTON, IL",39.8431277777778,-89.5474777777778,6,6784.395,287.0467636767278,5.517426719164878,154.8384,154.841774986895,155.49034118652344,0.6485661996284477,155.58055114746094,0.7387761605659477,Unknown
05578500,0713,"SALT CREEK NEAR ROWELL, IL",40.1151694444444,-89.049175,5,862.6382,102.48308313210778,2.8526634659806414,185.778648,188.07414246264545,189.6741485595703,1.600006096924858,190.54837036132812,2.4742278986826705,Unknown
05583000,0713,"SANGAMON RIVER NEAR OAKFORD, IL",40.1233611111111,-89.9839722222222,7,13263.83,343.29448955849676,5.088453341637092,137.922,138.21160165417854,138.7979736328125,0.586371978633963,138.79823303222656,0.5866313780480255,Unknown
05584500,0713,"LA MOINE RIVER AT COLMAR, IL",40.3315277777778,-90.8961944444444,5,1695.671,129.68659418232932,4.141820479790742,149.754336,149.93416115203817,152.71749877929688,2.783337627258703,153.4105224609375,3.476361308899328,Unknown
05585000,0713,"LA MOINE RIVER AT RIPLEY, IL",40.0250833333333,-90.6310555555555,5,3354.608,102.13814939739567,5.679992037949308,131.237736,131.16769826392255,132.74176025390625,1.5740619899837043,133.398681640625,2.2309833767024543,Unknown
05587000,0713,"MACOUPIN CREEK NEAR KANE, IL",39.2339444444444,-90.3944444444444,5,2241.334,173.71398932037815,5.336640592408141,129.93624,130.47754763211333,131.92379760742188,1.4462499753085467,131.92784118652344,1.4502935544101092,Unknown
