site_id,monitoring_location_id,station_name,lat,lng,state,drain_area_sqkm,stream_order,gage_datum_alt_ft,gagesii_class,huc02,huc4,hcdn_2009,active_2009,has_coefficients,has_bathymetry,n_field_measurements,n_channel_features,has_annual_peaks
05411850,USGS-05411850,"Turkey River near Eldorado, IA",43.054188,-91.809098,IA,1664.225,5,890.26,Ref,07,0706,,yes,1,1,113,196,0
05412020,USGS-05412020,"Turkey River above French Hollow Cr at Elkader, IA",42.843485,-91.401277,IA,2355.58,5,694.65,Non-ref,07,0706,,yes,1,1,109,187,0
05412400,USGS-05412400,"Volga River at Littleport, IA",42.753875,-91.369025,IA,942.5907,5,676.78,Ref,07,0706,,yes,1,1,114,222,0
05412500,USGS-05412500,"Turkey River at Garber, IA",42.739988,-91.261799,IA,3858.214,6,638.88,Ref,07,0706,yes,yes,1,1,112,1181,1
05413500,USGS-05413500,"GRANT RIVER AT BURTON, WI",42.720271,-90.819294,WI,695.3256,5,606.14,Ref,07,0706,yes,yes,1,1,128,410,0
05416900,USGS-05416900,"Maquoketa River at Manchester, IA",42.469988,-91.448715,IA,722.7054,5,900.27,Non-ref,07,0706,,yes,1,1,111,199,0
05418400,USGS-05418400,"North Fork Maquoketa River near Fulton, IA",42.164405,-90.728246,IA,1302.337,5,678.58,Non-ref,07,0706,,yes,1,1,116,265,0
05418500,USGS-05418500,"Maquoketa River near Maquoketa, IA",42.083353,-90.632912,IA,4019.218,6,625.63,Non-ref,07,0706,,yes,1,1,108,1155,1
05419000,USGS-05419000,"APPLE RIVER NEAR HANOVER, IL",42.252794,-90.285962,IL,638.6625,5,606.82,Non-ref,07,0706,,yes,1,1,101,1001,0
05420680,USGS-05420680,"Wapsipinicon River near Tripoli, IA",42.836091,-92.2574,IA,896.9979,5,986.39,Ref,07,0708,,yes,1,1,107,235,0
05421000,USGS-05421000,"Wapsipinicon River at Independence, IA",42.463598,-91.895172,IA,2725.647,5,882.74,Non-ref,07,0708,,yes,1,1,115,851,0
05421740,USGS-05421740,"Wapsipinicon River near Anamosa, IA",42.083339,-91.267382,IA,4094.893,5,754.37,Non-ref,07,0708,,yes,1,1,112,192,0
05424057,USGS-05424057,"ROCK RIVER AT HORICON, WI",43.45027,-88.63233,WI,1142.88,5,849.48,Non-ref,07,0709,,yes,1,0,119,192,0
05425500,USGS-05425500,"ROCK RIVER AT WATERTOWN, WI",43.188055,-88.726214,WI,2098.532,5,792.56,Non-ref,07,0709,,yes,1,1,124,364,0
05426000,USGS-05426000,"CRAWFISH RIVER AT MILFORD, WI",43.1,-88.84955,WI,2032.097,5,798,Non-ref,07,0709,,yes,1,0,130,397,0
05427085,USGS-05427085,"ROCK RIVER AT ROBERT STREET AT FORT ATKINSON, WI",42.927506,-88.842885,WI,5857.162,6,765.16,Non-ref,07,0709,,yes,0,0,118,220,1
05430500,USGS-05430500,"ROCK RIVER AT AFTON, WI",42.609179,-89.070667,WI,7923.77,6,750,Non-ref,07,0709,,yes,1,0,117,296,1
05432500,USGS-05432500,"PECATONICA RIVER AT DARLINGTON, WI",42.677779,-90.118737,WI,705.6225,5,802.42,Non-ref,07,0709,,yes,1,1,168,458,0
05433000,USGS-05433000,"EAST BR PECATONICA RIVER NEAR BLANCHARDVILLE, WI",42.785558,-89.861235,WI,571.7655,5,796.83,Non-ref,07,0709,,yes,1,1,146,412,0
05434500,USGS-05434500,"PECATONICA RIVER AT MARTINTOWN, WI",42.510009,-89.80151,WI,2677.406,6,757.42,Non-ref,07,0709,,yes,1,1,143,428,1
05435500,USGS-05435500,"PECATONICA RIVER AT FREEPORT, IL",42.302797,-89.619561,IL,3435.407,6,742.41,Non-ref,07,0709,,yes,1,1,97,453,1
05436500,USGS-05436500,"SUGAR RIVER NEAR BRODHEAD, WI",42.611676,-89.398173,WI,1351.822,6,767.98,Non-ref,07,0709,,yes,1,1,138,404,1
05437050,USGS-05437050,"PECATONICA RIVER NR SHIRLAND, ILL",42.438056,-89.175,IL,6625.879,7,711.59,Non-ref,07,0709,,yes,1,1,101,152,1
05438500,USGS-05438500,"KISHWAUKEE RIVER AT BELVIDERE, IL",42.256132,-88.863156,IL,1404.788,5,738.5,Non-ref,07,0709,,yes,1,1,87,438,0
05440000,USGS-05440000,"KISHWAUKEE RIVER NEAR PERRYVILLE, IL",42.194467,-88.998713,IL,2847.03,5,691.95,Non-ref,07,0709,,yes,1,1,90,450,0
05440700,USGS-05440700,"ROCK RIVER AT BYRON, IL",42.123081,-89.25594,IL,19962.22,7,666,Non-ref,07,0709,,yes,1,1,86,185,1
05444000,USGS-05444000,"ELKHORN CREEK NEAR PENROSE, IL",41.902807,-89.696223,IL,376.3512,5,657.75,Ref,07,0709,yes,yes,1,0,87,453,0
05447500,USGS-05447500,"GREEN RIVER NEAR GENESEO, IL",41.488923,-90.157619,IL,2575.741,6,577.68,Non-ref,07,0709,,yes,1,1,89,452,1
05451500,USGS-05451500,"Iowa River at Marshalltown, IA",42.065821,-92.9077,IA,3973.971,5,852.94,Non-ref,07,0708,,yes,1,1,126,1151,0
05451700,USGS-05451700,"Timber Creek near Marshalltown, IA",42.008878,-92.852421,IA,308.5146,5,856.62,Non-ref,07,0708,,yes,1,0,124,908,0
05452000,USGS-05452000,"Salt Creek near Elberon, IA",41.964162,-92.313242,IA,516.6864,5,783.34,Non-ref,07,0708,,yes,1,1,114,1002,0
05453100,USGS-05453100,"Iowa River at Marengo, IA",41.812726,-92.064792,IA,7237.921,6,720.45,Non-ref,07,0708,,yes,1,1,118,1114,1
05453520,USGS-05453520,"Iowa River below Coralville Dam nr Coralville, IA",41.715293,-91.53017,IA,8080.012,6,599.7,Non-ref,07,0708,,yes,1,1,155,981,1
05454500,USGS-05454500,"Iowa River at Iowa City, IA",41.656683,-91.541002,IA,8478.728,6,617.1,Non-ref,07,0708,,yes,1,1,133,1390,1
05455500,USGS-05455500,"English River at Kalona, IA",41.469739,-91.714613,IA,1486.906,5,633.28,Non-ref,07,0708,,yes,1,1,118,1148,0
05457000,USGS-05457000,"CEDAR RIVER NEAR AUSTIN, MN",43.636352,-92.974081,MN,1035.219,5,1162.08,Non-ref,07,0708,,yes,1,1,139,798,0
05457700,USGS-05457700,"CEDAR RIVER AT CHARLES CITY, IA",43.062472,-92.673245,IA,2783.164,5,973.15,Non-ref,07,0708,,yes,1,1,136,656,0
05458500,USGS-05458500,"Cedar River at Janesville, IA",42.648316,-92.465186,IA,4334.134,5,860.96,Non-ref,07,0708,,yes,1,1,115,935,0
05458900,USGS-05458900,"West Fork Cedar River at Finchford, IA",42.629426,-92.543522,IA,2205.097,5,867.06,Non-ref,07,0708,,yes,1,1,109,831,0
05462000,USGS-05462000,"Shell Rock River at Shell Rock, IA",42.711925,-92.582966,IA,4487.382,5,885.36,Non-ref,07,0708,,yes,1,1,115,756,0
05463000,USGS-05463000,"Beaver Creek at New Hartford, IA",42.572759,-92.61797,IA,903.0069,5,881.81,Non-ref,07,0708,,yes,1,1,118,810,0
05463500,USGS-05463500,"Black Hawk Creek at Hudson, IA",42.407764,-92.463245,IA,777.0222,5,864.96,Non-ref,07,0708,,yes,1,1,119,719,0
05464220,USGS-05464220,"Wolf Creek near Dysart, IA",42.251658,-92.298798,IA,775.195,5,829.38,Ref,07,0708,,yes,1,1,118,234,0
05465000,USGS-05465000,"Cedar River near Conesville, IA",41.409192,-91.290434,IA,20153.82,6,581.48,Non-ref,07,0708,,yes,1,1,107,1099,1
05466000,USGS-05466000,"EDWARDS RIVER NEAR ORION, IL",41.27198,-90.377627,IL,401.4297,5,653.47,Non-ref,07,0708,,yes,1,1,93,456,0
05466500,USGS-05466500,"EDWARDS RIVER NEAR NEW BOSTON, IL",41.186977,-90.967366,IL,1151.567,5,529.13,Ref,07,0708,yes,yes,1,1,115,512,0
05469000,USGS-05469000,"HENDERSON CREEK NEAR OQUAWKA, IL",41.001426,-90.854307,IL,1126.56,5,540.64,Non-ref,07,0708,,yes,1,1,109,470,0
05471000,USGS-05471000,"South Skunk River below Squaw Creek near Ames, IA",42.006653,-93.595495,IA,1454.435,5,857.86,Non-ref,07,0708,,yes,1,1,142,740,0
05471050,USGS-05471050,"South Skunk River at Colfax, IA",41.681378,-93.246594,IA,2098.962,5,770,Non-ref,07,0708,,yes,1,1,148,430,0
05471500,USGS-05471500,"South Skunk River near Oskaloosa, IA",41.355699,-92.657359,IA,4246.927,6,685.08,Non-ref,07,0708,,yes,1,1,115,801,1
05472500,USGS-05472500,"North Skunk River near Sigourney, IA",41.300845,-92.204626,IA,1899.126,5,650.69,Non-ref,07,0708,,yes,1,1,116,819,0
05473400,USGS-05473400,"Cedar Creek near Oakland Mills, IA",40.925305,-91.67422,IA,1381.734,5,565.01,Non-ref,07,0708,,yes,1,1,125,467,0
05515500,USGS-05515500,"KANKAKEE RIVER AT DAVIS, IND.",41.400042,-86.701129,IN,1371.498,5,664.34,Non-ref,07,0712,,yes,1,0,122,374,0
05517500,USGS-05517500,"KANKAKEE RIVER AT DUNNS BRIDGE, IND.",41.219484,-86.968634,IN,3467.25,5,649.18,Non-ref,07,0712,,yes,1,0,93,642,0
05517530,USGS-05517530,"KANKAKEE RIVER NR KOUTS, IND.",41.253928,-87.033914,IN,3535.799,5,644.65,Non-ref,07,0712,,yes,1,1,80,337,0
05518000,USGS-05518000,"KANKAKEE RIVER AT SHELBY, IN",41.182813,-87.34031,IN,4587.032,5,627.94,Non-ref,07,0712,,yes,1,1,101,763,0
05524500,USGS-05524500,"IROQUOIS RIVER NEAR FORESMAN, IN",40.870593,-87.306691,IN,1167.568,5,623.81,Non-ref,07,0712,,yes,1,1,76,328,0
05525000,USGS-05525000,"IROQUOIS RIVER AT IROQUOIS, IL",40.822813,-87.581419,IL,1746.274,5,614.13,Non-ref,07,0712,,yes,1,1,95,449,0
05525500,USGS-05525500,"SUGAR CREEK AT MILFORD, IL",40.630036,-87.723918,IL,1158.759,5,620.75,Ref,07,0712,yes,yes,1,1,99,462,0
05532500,USGS-05532500,"DES PLAINES RIVER AT RIVERSIDE, IL",41.822254,-87.820891,IL,1634.157,5,594.38,Non-ref,07,0712,,yes,1,1,117,476,0
05537980,USGS-05537980,"DES PLAINES RIVER AT ROUTE 53 AT JOLIET, IL",41.53639,-88.0825,IL,2925.773,5,-0.28,Non-ref,07,0712,,yes,0,0,85,120,0
05541710,USGS-05541710,"AUX SABLE CREEK NEAR MORRIS, IL",41.417253,-88.347566,IL,445.1454,5,514.37,Non-ref,07,0712,,yes,1,1,119,157,0
05542000,USGS-05542000,"MAZON RIVER NEAR COAL CITY, IL",41.286143,-88.359787,IL,1165.55,5,527.21,Non-ref,07,0712,,yes,1,1,102,423,0
05545750,USGS-05545750,"FOX RIVER NEAR NEW MUNSTER, WI",42.610851,-88.225923,WI,2054.15,6,735.6,Non-ref,07,0712,,yes,1,1,125,278,1
05548280,USGS-05548280,"NIPPERSINK CREEK NEAR SPRING GROVE, IL",42.443353,-88.247589,IL,498.2472,5,745.94,Non-ref,07,0712,,yes,1,1,106,453,0
05550000,USGS-05550000,"FOX RIVER AT ALGONQUIN, IL",42.166413,-88.29036,IL,3663.992,6,729.21,Non-ref,07,0712,,yes,1,0,0,308,1
05551540,USGS-05551540,"FOX RIVER AT MONTGOMERY, IL",41.733611,-88.333333,IL,4445.551,6,603.2,Non-ref,07,0712,,yes,1,1,106,202,1
05554500,USGS-05554500,"VERMILION RIVER AT PONTIAC, IL",40.877811,-88.636173,IL,1500.099,5,619.02,Non-ref,07,0713,,yes,1,1,89,429,0
05555300,USGS-05555300,"VERMILION RIVER NEAR LEONORE, IL",41.208368,-88.930912,IL,3253.545,5,521.14,Non-ref,07,0713,,yes,1,1,95,452,0
05555500,USGS-05555500,"VERMILION RIVER AT LOWELL, IL",41.255313,-89.012303,IL,3316.955,5,500.61,Ref,07,0713,,,0,0,0,0,0
05556500,USGS-05556500,"BIG BUREAU CREEK AT PRINCETON, IL",41.36587,-89.498427,IL,505.0946,5,555.1,Ref,07,0713,yes,yes,1,1,89,829,0
05563500,USGS-05563500,"KICKAPOO CREEK AT PEORIA, IL",40.681149,-89.655378,IL,768.6756,5,448.37,Non-ref,07,0713,,,1,0,0,15,0
05567500,USGS-05567500,"MACKINAW RIVER NEAR CONGERVILLE, IL",40.623648,-89.241752,IL,1982.459,5,606.77,Non-ref,07,0713,,yes,1,1,106,426,0
05568000,USGS-05568000,"MACKINAW RIVER NEAR GREEN VALLEY, IL",40.454207,-89.606214,IL,2775.387,5,476.67,Non-ref,07,0713,,yes,1,1,104,289,0
05570000,USGS-05570000,"SPOON RIVER AT SEVILLE, IL",40.490041,-90.340403,IL,4241.168,6,466.32,Non-ref,07,0713,,yes,1,1,109,468,1
05570910,USGS-05570910,"SANGAMON RIVER AT FISHER, IL",40.310589,-88.322275,IL,561.0462,5,683.2,Non-ref,07,0713,,yes,1,1,108,391,0
05571000,USGS-05571000,"SANGAMON RIVER AT MAHOMET, IL",40.191699,-88.400057,IL,944.0046,5,664.98,Non-ref,07,0713,,,0,0,0,0,0
05572000,USGS-05572000,"SANGAMON RIVER AT MONTICELLO, IL",40.030867,-88.588954,IL,1426.457,5,625.55,Non-ref,07,0713,,yes,1,1,104,492,0
05573540,USGS-05573540,"SANGAMON RIVER AT RT 48 AT DECATUR, IL",39.831148,-88.976467,IL,2433.287,5,583.17,Non-ref,07,0713,,yes,1,1,109,356,0
05574500,USGS-05574500,"FLAT BRANCH NEAR TAYLORVILLE, IL",39.5525,-89.253889,IL,718.1568,5,562.44,Non-ref,07,0713,,,1,0,0,16,0
05576000,USGS-05576000,"SOUTH FORK SANGAMON RIVER NR ROCHESTER, IL",39.742272,-89.567317,IL,2243.371,5,510.9,Non-ref,07,0713,,yes,1,1,97,472,0
05576500,USGS-05576500,"SANGAMON RIVER AT RIVERTON, IL",39.843105,-89.54732,IL,6784.395,6,508,Non-ref,07,0713,,yes,1,1,95,276,1
05578500,USGS-05578500,"SALT CREEK NEAR ROWELL, IL",40.115038,-89.049251,IL,862.6382,5,609.51,Non-ref,07,0713,,yes,1,1,97,444,0
05581500,USGS-05581500,"SUGAR CREEK NEAR HARTSBURG, IL",40.222265,-89.403431,IL,861.4872,5,548.7,Non-ref,07,0713,,,1,0,0,28,0
05583000,USGS-05583000,"SANGAMON RIVER NEAR OAKFORD, IL",40.123935,-89.985114,IL,13263.83,7,452.5,Non-ref,07,0713,,yes,1,1,100,500,1
05584500,USGS-05584500,"LA MOINE RIVER AT COLMAR, IL",40.330322,-90.896245,IL,1695.671,5,491.32,Ref,07,0713,yes,yes,1,1,105,450,0
05585000,USGS-05585000,"LA MOINE RIVER AT RIPLEY, IL",40.02477,-90.631795,IL,3354.608,5,430.57,Ref,07,0713,yes,yes,1,1,112,526,0
05587000,USGS-05587000,"MACOUPIN CREEK NEAR KANE, IL",39.234214,-90.394562,IL,2241.334,5,426.3,Non-ref,07,0713,,yes,1,1,125,546,0
