site_id,monitoring_location_id,huc4,station_name,lat,lng,stream_order,drain_area_sqkm,coeff_a_width,exp_b_width,coeff_c_depth,exp_f_depth,coeff_k_velocity,exp_m_velocity,exponent_sum,max_flow_cfs,n_channel_features,n_fit_points,r2_width,r2_depth,r2_velocity,n_relations_fitted,exponent_sum_in_range,width_unit,depth_unit,velocity_unit,flow_unit
05411850,USGS-05411850,0706,"Turkey River near Eldorado, IA",43.0541879264244,-91.8090982653687,5,1664.225,51.759020867789594,0.16322837714408506,0.1542215055974798,0.4293185335395641,0.20312741717014693,0.35829964487943994,0.9508465555630892,42100,196,196,0.5187,0.9169,0.7861,3,1,ft,ft,ft/s,ft^3/s
05412020,USGS-05412020,0706,"Turkey River above French Hollow Cr at Elkader, IA",42.8434851705994,-91.4012767402577,5,2355.58,33.80891731887954,0.20951123773828464,0.1330531256264543,0.4496297165908765,0.2812922035892033,0.3201720735599585,0.9793130278891198,36800,187,187,0.5551,0.8997,0.7783,3,1,ft,ft,ft/s,ft^3/s
05412400,USGS-05412400,0706,"Volga River at Littleport, IA",42.7538753144323,-91.3690252075114,5,942.5907,34.38136791041274,0.15965306303470797,0.1197346121306022,0.48851690165499817,0.34428151876087376,0.3106316980644863,0.9588016627541924,16100,222,221,0.5954,0.9656,0.6893,3,1,ft,ft,ft/s,ft^3/s
05412500,USGS-05412500,0706,"Turkey River at Garber, IA",42.7399884281497,-91.2617990802579,6,3858.214,49.79230201386993,0.16607773444014745,0.16493557329186856,0.4549431019242216,0.22997400390390738,0.31794525895401055,0.9389660953183796,47500,1181,1145,0.2388,0.0877,0.8561,3,1,ft,ft,ft/s,ft^3/s
05413500,USGS-05413500,0706,"GRANT RIVER AT BURTON, WI",42.72027777777778,-90.81916666666666,5,695.3256,7.751828406494885,0.32443583650705027,0.37700966559087806,0.3984616747474188,0.5901532806927959,0.23166367485508424,0.9545611861095533,17500,410,398,0.7769,0.7863,0.0385,3,1,ft,ft,ft/s,ft^3/s
05416900,USGS-05416900,0706,"Maquoketa River at Manchester, IA",42.4699878417593,-91.4487146874303,5,722.7054,17.76969502215419,0.29070960714669797,0.14706349335897084,0.44915817058771557,0.45703815010136906,0.24092078764365402,0.9807885653780676,24400,199,199,0.9078,0.9727,0.8864,3,1,ft,ft,ft/s,ft^3/s
05418400,USGS-05418400,0706,"North Fork Maquoketa River near Fulton, IA",42.1643333333333,-90.7293333333333,5,1302.337,34.13634573635393,0.19732265011947625,0.10056980961836574,0.5118728176624204,0.3914901365286922,0.25658484027976447,0.9657803080616612,19400,265,260,0.6737,0.9222,0.6405,3,1,ft,ft,ft/s,ft^3/s
05418500,USGS-05418500,0706,"Maquoketa River near Maquoketa, IA",42.0833527777778,-90.6329166666667,6,4019.218,18.995408180011143,0.3128427596762794,0.18407026007791288,0.41681887416102825,0.39140348613298914,0.24123190806206812,0.9708935418993758,47500,1155,1132,0.6219,0.785,0.399,3,1,ft,ft,ft/s,ft^3/s
05419000,USGS-05419000,0706,"APPLE RIVER NEAR HANOVER, IL",42.2583333333333,-90.285,5,638.6625,20.856667105466038,0.24742949236152662,0.22886732167667717,0.43719014042803267,0.744890150232552,0.21067195909203582,0.8952915918815951,20000,1001,918,0.3832,0.2013,0.0049,3,1,ft,ft,ft/s,ft^3/s
05420680,USGS-05420680,0708,"Wapsipinicon River near Tripoli, IA",42.8360916666667,-92.2574,5,896.9979,9.945413579624233,0.4444412229459517,0.4699110133161314,0.3129235665281193,0.21000714417656477,0.2793701938498565,1.0367349833239274,19400,235,235,0.413,0.6,0.6057,3,1,ft,ft,ft/s,ft^3/s
05421000,USGS-05421000,0708,"Wapsipinicon River at Independence, IA",42.4635979570031,-91.895172206551,5,2725.647,64.08604004786265,0.14809690927620664,0.06740308041476822,0.5352244331533657,0.34564151024263134,0.27768702115500205,0.9610083635845743,30500,851,851,0.5645,0.9479,0.1226,3,1,ft,ft,ft/s,ft^3/s
05421740,USGS-05421740,0708,"Wapsipinicon River near Anamosa, IA",42.0833611111111,-91.2673888888889,5,4094.893,75.49350780309295,0.13862327050351037,0.09287599812362281,0.5065877313313949,0.1907319643264071,0.3224253682030794,0.9676363700379846,30700,192,192,0.7637,0.9774,0.9366,3,1,ft,ft,ft/s,ft^3/s
05424057,USGS-05424057,0709,"ROCK RIVER AT HORICON, WI",43.4502777777778,-88.6322222222222,5,1142.88,56.58849408862723,0.0843093874383137,,0,0.014894209424795173,0.7005301719171844,0.7848395593554981,3870,192,172,0.2104,,0.9233,2,0,ft,ft,ft/s,ft^3/s
05425500,USGS-05425500,0709,"ROCK RIVER AT WATERTOWN, WI",43.1880555555556,-88.7261111111111,5,2098.532,53.98851673376082,0.17041687483526857,0.12410620207928112,0.4134929087450284,0.15979523816159283,0.41044466493636744,0.9943544485166644,7610,364,337,0.7322,0.8093,0.9148,3,1,ft,ft,ft/s,ft^3/s
05426000,USGS-05426000,0709,"CRAWFISH RIVER AT MILFORD, WI",43.1,-88.84944444444444,5,2032.097,101.67031856446415,0.0748967019644807,0.05467325280928649,0.5840461480254392,0.4233453945577858,0.2316350992727238,0.8905779492626438,7160,397,376,0.6666,0.9562,0.0164,3,1,ft,ft,ft/s,ft^3/s
05430500,USGS-05430500,0709,"ROCK RIVER AT AFTON, WI",42.61361111111111,-89.07166666666666,6,7923.77,231.03349095916798,0.03041659166826244,0.04550897267593998,0.5757477338358422,0.10383609275003368,0.38469829127655575,0.9908626167806605,16200,296,289,0.0295,0.9729,0.9499,3,1,ft,ft,ft/s,ft^3/s
05432500,USGS-05432500,0709,"PECATONICA RIVER AT DARLINGTON, WI",42.6777777777778,-90.1186111111111,5,705.6225,5.544398533879183,0.4252309612227225,0.37410771473026816,0.3841996778593087,0.8195227909579884,0.1313949958792691,0.9408256349613002,10700,458,457,0.7115,0.7204,0.1977,3,1,ft,ft,ft/s,ft^3/s
05433000,USGS-05433000,0709,"EAST BR PECATONICA RIVER NEAR BLANCHARDVILLE, WI",42.7855555555556,-89.8611111111111,5,571.7655,15.686267647612677,0.2441112104361594,0.4151507192244513,0.39906004575739457,0.21462832766430112,0.3116076051098854,0.9547788613034394,8700,412,403,0.8514,0.8375,0.7408,3,1,ft,ft,ft/s,ft^3/s
05434500,USGS-05434500,0709,"PECATONICA RIVER AT MARTINTOWN, WI",42.51,-89.8013888888889,6,2677.406,26.026228426938722,0.23921991970053424,0.39990650029347335,0.39376433604271777,0.12451574334396226,0.3372005533263079,0.97018480906956,16300,428,417,0.6957,0.894,0.8475,3,1,ft,ft,ft/s,ft^3/s
05435500,USGS-05435500,0709,"PECATONICA RIVER AT FREEPORT, IL",42.3002777777778,-89.6152777777778,6,3435.407,17.169128360635952,0.29846094328478845,0.7790294253186404,0.30953871842908853,0.09306846941474395,0.36949963141041486,0.9774992931242918,14800,453,324,0.1293,0.6696,0.7313,3,1,ft,ft,ft/s,ft^3/s
05436500,USGS-05436500,0709,"SUGAR RIVER NEAR BRODHEAD, WI",42.6123055555556,-89.3979722222222,6,1351.822,80.77453512784706,0.11529547057955816,0.11629811079529155,0.4917223003273972,0.13615586264698296,0.368861733956466,0.9758795048634215,8060,404,395,0.1094,0.8138,0.894,3,1,ft,ft,ft/s,ft^3/s
05437050,USGS-05437050,0709,"PECATONICA RIVER NR SHIRLAND, ILL",42.4380555555556,-89.175,7,6625.879,120.18465934352399,0.10009829685243488,0.2200466635008771,0.43069950361035775,0.04312081995530644,0.4555348647706929,0.9863326652334856,20200,152,152,0.8134,0.8892,0.878,3,1,ft,ft,ft/s,ft^3/s
05438500,USGS-05438500,0709,"KISHWAUKEE RIVER AT BELVIDERE, IL",42.2561320777989,-88.8631564848154,5,1404.788,66.09152163997992,0.14802267041397843,0.17790069224288355,0.4197378385616045,0.23585253063329173,0.3268230228026101,0.894583531778193,10500,438,310,0.181,0.5257,0.3829,3,1,ft,ft,ft/s,ft^3/s
05440000,USGS-05440000,0709,"KISHWAUKEE RIVER NEAR PERRYVILLE, IL",42.1944444444444,-88.9988888888889,5,2847.03,72.11857394964767,0.1330073570995446,0.08732586663981969,0.5077909287500261,0.17900187393530168,0.34595198421947415,0.9867502700690448,24500,450,322,0.6568,0.9611,0.8957,3,1,ft,ft,ft/s,ft^3/s
05440700,USGS-05440700,0709,"ROCK RIVER AT BYRON, IL",42.1221888888889,-89.2553638888889,7,19962.22,282.4406164609499,0.08160058336185515,0.15624713389251726,0.4221978804375751,0.02900362219945252,0.4712931175465998,0.9750915813460301,38100,185,174,0.4434,0.8707,0.9086,3,1,ft,ft,ft/s,ft^3/s
05444000,USGS-05444000,0709,"ELKHORN CREEK NEAR PENROSE, IL",41.90275,-89.6963888888889,5,376.3512,15.341441267921812,0.2698159880068975,0.1436833973567736,0.48367847606173664,0.5009574020718722,0.2395506165414768,0.9930450806101109,5250,453,320,0.7861,0.8,0.7172,3,1,ft,ft,ft/s,ft^3/s
05447500,USGS-05447500,0709,"GREEN RIVER NEAR GENESEO, IL",41.4889333333333,-90.1580083333333,6,2575.741,75.50510625114576,0.07314746569678267,0.09149770601325169,0.56062335391859,0.1907604338460895,0.33144238330221576,0.9652132029175884,10400,452,330,0.2737,0.9368,0.8828,3,1,ft,ft,ft/s,ft^3/s
05451500,USGS-05451500,0708,"Iowa River at Marshalltown, IA",42.0658209608557,-92.907699735576,5,3973.971,4.71090208534798,0.5418206696882372,0.19032084829113827,0.40308921564509936,0.6141408469118584,0.16565197632497225,1.1105618616583088,31600,1151,1137,0.2946,0.4444,0.0253,3,1,ft,ft,ft/s,ft^3/s
05451700,USGS-05451700,0708,"Timber Creek near Marshalltown, IA",42.008875,-92.8524194444444,5,308.5146,14.075606842302522,0.2758985709291701,0.27201002371850563,0.4361662734840946,0.48080655752893414,0.2109052985477191,0.9229701429609838,10400,908,897,0.1318,0.773,0.5537,3,1,ft,ft,ft/s,ft^3/s
05452000,USGS-05452000,0708,"Salt Creek near Elberon, IA",41.9641611111111,-92.3132416666667,5,516.6864,7.340262085422636,0.42308525679149633,0.34482536633854993,0.37184172021390893,0.5765956906766776,0.18115027205789927,0.9760772490633045,17500,1002,1000,0.7607,0.5404,0.4501,3,1,ft,ft,ft/s,ft^3/s
05453100,USGS-05453100,0708,"Iowa River at Marengo, IA",41.8127256616889,-92.0647920593456,6,7237.921,3.274289063291357,0.5777832013300028,0.4279915266106483,0.309762344423029,0.5243011547556617,0.16926746034988224,1.0568130061029142,46600,1114,1085,0.6259,0.5106,0.0185,3,1,ft,ft,ft/s,ft^3/s
05453520,USGS-05453520,0708,"Iowa River below Coralville Dam nr Coralville, IA",41.7152944444444,-91.5301666666667,6,8080.012,12.538234124613913,0.36590011377975556,2.666208817723278,0.17994597165332393,3.370961848471368,0.006678473234323565,0.5525245586674031,38300,981,944,0.0939,0.0074,0.0,3,0,ft,ft,ft/s,ft^3/s
05454500,USGS-05454500,0708,"Iowa River at Iowa City, IA",41.6566833333333,-91.541,6,8478.728,59.72152887481556,0.182440269202553,0.1359498508239914,0.46542489101338086,,0,0.6478651602159339,40800,1390,1381,0.6692,0.9339,,2,0,ft,ft,ft/s,ft^3/s
05455500,USGS-05455500,0708,"English River at Kalona, IA",41.4697387242571,-91.7146129287325,5,1486.906,24.065906617541444,0.22590446575987708,0.3494616120603172,0.371325051649273,0.6727907525782905,0.19919723810597556,0.7964267555151257,25600,1148,1113,0.38,0.5204,0.0171,3,0,ft,ft,ft/s,ft^3/s
05457000,USGS-05457000,0708,"CEDAR RIVER NEAR AUSTIN, MN",43.63757,-92.974797,5,1035.219,49.0503030913695,0.11305766907196914,0.09372689056690368,0.5243506720675123,0.3191440966951169,0.31708709099853083,0.9544954321380122,17900,798,797,0.5899,0.9735,0.1119,3,1,ft,ft,ft/s,ft^3/s
05457700,USGS-05457700,0708,"CEDAR RIVER AT CHARLES CITY, IA",43.0621944444444,-92.6738833333333,5,2783.164,80.92947315798556,0.12231550032062427,0.05334380853397776,0.5649581091702001,0.31184900048569253,0.28034936692876566,0.9676229764195899,34500,656,650,0.6257,0.9143,0.757,3,1,ft,ft,ft/s,ft^3/s
05458500,USGS-05458500,0708,"Cedar River at Janesville, IA",42.6483166666667,-92.4651861111111,5,4334.134,65.23741476907185,0.1875808420457454,0.2429685371389971,0.39296949584444235,0.23375961461934602,0.30465224714677047,0.8852025850369583,51400,935,925,0.6566,0.0179,0.7323,3,1,ft,ft,ft/s,ft^3/s
05458900,USGS-05458900,0708,"West Fork Cedar River at Finchford, IA",42.6294277777778,-92.5435222222222,5,2205.097,20.23217887982161,0.3415986568821455,0.1619927876365414,0.42611227594153767,0.4318881390635261,0.19894442965867973,0.966655362482363,24100,831,831,0.75,0.8323,0.618,3,1,ft,ft,ft/s,ft^3/s
05462000,USGS-05462000,0708,"Shell Rock River at Shell Rock, IA",42.711925,-92.5829666666667,5,4487.382,68.71083908361602,0.1668519296548747,0.12266988205824488,0.45652540453749985,0.16520350324578306,0.3508570594980408,0.9742343936904153,50200,756,755,0.1678,0.8659,0.7319,3,1,ft,ft,ft/s,ft^3/s
05463000,USGS-05463000,0708,"Beaver Creek at New Hartford, IA",42.572,-92.6182777777778,5,903.0069,19.391364199295225,0.3126509940169657,0.2280394305870452,0.48469664268874396,0.6136043581102597,0.15120934029966218,0.9485569770053719,17900,810,802,0.6696,0.021,0.0325,3,1,ft,ft,ft/s,ft^3/s
05463500,USGS-05463500,0708,"Black Hawk Creek at Hudson, IA",42.4077638888889,-92.4632472222222,5,777.0222,10.32360004152118,0.3863628210398198,0.24853834454160886,0.4238500871335457,0.5210636590893649,0.16745027239043553,0.9776631805638011,11000,719,715,0.4108,0.8691,0.5093,3,1,ft,ft,ft/s,ft^3/s
05464220,USGS-05464220,0708,"Wolf Creek near Dysart, IA",42.2515277777778,-92.2988888888889,5,775.195,24.39938492256375,0.23738400857592265,0.1760955330650755,0.42731232406749065,0.34539051900871,0.29717634058478065,0.9618726732281939,15600,234,233,0.5246,0.898,0.6946,3,1,ft,ft,ft/s,ft^3/s
05465000,USGS-05465000,0708,"Cedar River near Conesville, IA",41.4091916666667,-91.2904305555556,6,20153.82,9.425277764750879,0.4586787982801371,0.11140632504601951,0.5694843975988239,0.31595989087418574,0.23196286749870282,1.2601260633776639,124000,1099,1067,0.3809,0.0025,0.6552,3,0,ft,ft,ft/s,ft^3/s
05466000,USGS-05466000,0708,"EDWARDS RIVER NEAR ORION, IL",41.27224722222222,-90.37749166666666,5,401.4297,26.74169492375559,0.18956027851176127,0.1114944032304231,0.5297888811322105,0.4049939707767582,0.2616471047457739,0.9809962643897456,4620,456,328,0.5671,0.9204,0.9057,3,1,ft,ft,ft/s,ft^3/s
05466500,USGS-05466500,0708,"EDWARDS RIVER NEAR NEW BOSTON, IL",41.1869773837497,-90.9673663184279,5,1151.567,0.6293776003877535,0.7721205752396779,0.48938412634242595,0.31660257434514527,,0,1.088723149584823,7650,512,377,0.6758,0.555,,2,1,ft,ft,ft/s,ft^3/s
05469000,USGS-05469000,0708,"HENDERSON CREEK NEAR OQUAWKA, IL",41.001425,-90.8543083333333,5,1126.56,5.2581447592771555,0.4266572382973385,0.5215071172907171,0.3300011957502965,0.31781663004200544,0.28195938769564355,1.0386178217432787,28900,470,337,0.658,0.7684,0.7976,3,1,ft,ft,ft/s,ft^3/s
05471000,USGS-05471000,0708,"South Skunk River below Squaw Creek near Ames, IA",42.0082222222222,-93.5959722222222,5,1454.435,0.07392748104701875,0.9999999999999999,0.24646848365348123,0.382375835037564,0.5114380108190432,0.215902132879732,1.5982779679172958,33300,740,720,0.6134,0.2812,0.3271,3,0,ft,ft,ft/s,ft^3/s
05471050,USGS-05471050,0708,"South Skunk River at Colfax, IA",41.6818055555556,-93.2468333333333,5,2098.962,7.946944090663507,0.4533874851372099,0.10694811347574387,0.4822978797237956,0.34975900819562705,0.25202957574880613,1.1877149406098115,23400,430,430,0.2743,0.8678,0.8554,3,0,ft,ft,ft/s,ft^3/s
05471500,USGS-05471500,0708,"South Skunk River near Oskaloosa, IA",41.3557027777778,-92.6573555555556,6,4246.927,28.458459133236545,0.25062280324533603,0.17065665231520852,0.4547636842292368,0.2872254254092905,0.26499930150946466,0.9703857889840375,24000,801,800,0.6591,0.824,0.7713,3,1,ft,ft,ft/s,ft^3/s
05472500,USGS-05472500,0708,"North Skunk River near Sigourney, IA",41.3008444444444,-92.2046222222222,5,1899.126,0.08858394266645611,0.9999999999987602,0.37957780425775506,0.3558818990284804,0.43699944393891305,0.21493099148251038,1.570812890509751,27500,819,817,0.5032,0.7284,0.7741,3,0,ft,ft,ft/s,ft^3/s
05473400,USGS-05473400,0708,"Cedar Creek near Oakland Mills, IA",40.9253027777778,-91.6742166666667,5,1381.734,31.766939472382777,0.1901312961117933,0.19493660666384094,0.4550993363134398,0.24397055753323885,0.31537907339345866,0.9606097058186918,12600,467,461,0.5278,0.9179,0.4934,3,1,ft,ft,ft/s,ft^3/s
05515500,USGS-05515500,0712,"KANKAKEE RIVER AT DAVIS, IND.",41.3896388888889,-86.7061666666667,5,1371.498,14.279374116352809,0.25935248980621634,,0,0.24476340117206327,0.2908522242366465,0.5502047140428628,1880,374,264,0.45,,0.5017,2,0,ft,ft,ft/s,ft^3/s
05517500,USGS-05517500,0712,"KANKAKEE RIVER AT DUNNS BRIDGE, IND.",41.22001987983983,-86.96832768953219,5,3467.25,36.985012998772945,0.15495859502154252,,0,,0,0.15495859502154252,5950,642,604,0.5334,,,1,0,ft,ft,ft/s,ft^3/s
05517530,USGS-05517530,0712,"KANKAKEE RIVER NR KOUTS, IND.",41.25390845474483,-87.03388542916231,5,3535.799,8.981550650891238,0.38184569890664466,0.12509913860368535,0.5002075513096732,0.8371872997439401,0.1348087095171283,1.016861959733446,5740,337,226,0.322,0.7191,0.2735,3,1,ft,ft,ft/s,ft^3/s
05518000,USGS-05518000,0712,"KANKAKEE RIVER AT SHELBY, IN",41.1828134312722,-87.3403095598096,5,4587.032,5.608581768279721,0.4497422829644431,0.4285254580348299,0.3630128846652696,0.3489002645208116,0.2309699100038072,1.0437250776335198,6730,763,719,0.1379,0.0258,0.5111,3,1,ft,ft,ft/s,ft^3/s
05524500,USGS-05524500,0712,"IROQUOIS RIVER NEAR FORESMAN, IN",40.87057882918802,-87.30667227440456,5,1167.568,0.145086309195312,0.9999999999925446,0.9803271280341045,0.2927897187399438,0.09820829019165846,0.35221553663380506,1.6450052553662935,5860,328,313,0.2717,0.6606,0.8525,3,0,ft,ft,ft/s,ft^3/s
05525000,USGS-05525000,0712,"IROQUOIS RIVER AT IROQUOIS, IL",40.8230555555556,-87.5816666666667,5,1746.274,28.00906549847158,0.21822834413833148,0.41722335046804204,0.4009817295581449,0.16549683532497012,0.29715624388967066,0.916366317586147,8750,449,314,0.1699,0.9421,0.3978,3,1,ft,ft,ft/s,ft^3/s
05525500,USGS-05525500,0712,"SUGAR CREEK AT MILFORD, IL",40.6299166666667,-87.7235277777778,5,1158.759,3.5089848710106826,0.522055811268138,0.526549368068696,0.3664330350951339,0.5505762310532556,0.13693477353191252,1.0254236198951845,15700,462,331,0.489,0.7728,0.1977,3,1,ft,ft,ft/s,ft^3/s
05532500,USGS-05532500,0712,"DES PLAINES RIVER AT RIVERSIDE, IL",41.8214916666667,-87.8220361111111,5,1634.157,31.811088912615283,0.23867772214904792,0.1463030199903765,0.4554858838667199,0.5794253468649561,0.1857470707224333,0.8799106767382012,10500,476,354,0.6138,0.8075,0.0201,3,1,ft,ft,ft/s,ft^3/s
05541710,USGS-05541710,0712,"AUX SABLE CREEK NEAR MORRIS, IL",41.4169444444444,-88.3477777777778,5,445.1454,36.91900780322142,0.16945127342217817,0.42563431720868666,0.3897114895177667,0.14755509453403906,0.3447538950255626,0.9039166579655074,9340,157,150,0.6573,0.8449,0.6513,3,1,ft,ft,ft/s,ft^3/s
05542000,USGS-05542000,0712,"MAZON RIVER NEAR COAL CITY, IL",41.2861944444444,-88.3598611111111,5,1165.55,38.27130873569055,0.18635265113495247,0.1430129953788647,0.46566959511565875,0.18422314994977437,0.35677930565130017,1.0088015519019113,17700,423,296,0.7994,0.9638,0.8828,3,1,ft,ft,ft/s,ft^3/s
05545750,USGS-05545750,0712,"FOX RIVER NEAR NEW MUNSTER, WI",42.6108511625045,-88.2259230488227,6,2054.15,108.06952780953682,0.06494100869427233,0.11534465492779473,0.5287051772856092,0.08927776724320052,0.39279279054678934,0.9864389765266708,6500,278,272,0.4327,0.9657,0.9531,3,1,ft,ft,ft/s,ft^3/s
05548280,USGS-05548280,0712,"NIPPERSINK CREEK NEAR SPRING GROVE, IL",42.4437305555556,-88.247425,5,498.2472,27.405259587437282,0.17919847048181073,0.12245230591417834,0.5419870731929457,0.4215906842763693,0.227830881108324,0.9490164247830803,2820,453,334,0.6089,0.935,0.529,3,1,ft,ft,ft/s,ft^3/s
05550000,USGS-05550000,0712,"FOX RIVER AT ALGONQUIN, IL",42.1663055555556,-88.2903333333333,6,3663.992,44.224029233554276,0.2406039866420794,0.21522436474582418,0.4262371335997719,,0,0.6668411202418513,6600,308,180,0.5078,0.5766,,2,0,ft,ft,ft/s,ft^3/s
05551540,USGS-05551540,0712,"FOX RIVER AT MONTGOMERY, IL",41.73355,-88.3333361111111,6,4445.551,143.95724667768366,0.0660287988803508,0.2450984803800125,0.3612229353217203,0.0515443124620067,0.5039066823154452,0.9311584165175163,11300,202,202,0.1985,0.3148,0.9304,3,1,ft,ft,ft/s,ft^3/s
05554500,USGS-05554500,0713,"VERMILION RIVER AT PONTIAC, IL",40.8778333333333,-88.636,5,1500.099,49.033901659966325,0.15035752702504987,0.1394844869370021,0.4922238313201922,0.15574987970703008,0.35777084064625686,1.000352198991499,12400,429,277,0.7033,0.9551,0.8585,3,1,ft,ft,ft/s,ft^3/s
05555300,USGS-05555300,0713,"VERMILION RIVER NEAR LEONORE, IL",41.2083333333333,-88.9305555555556,5,3253.545,28.343834563662938,0.21965299372499306,0.22060533073414582,0.45605372324248,0.5787051612259777,0.18738756762957623,0.8630942845970493,30900,452,306,0.8987,0.7946,0.4355,3,1,ft,ft,ft/s,ft^3/s
05556500,USGS-05556500,0713,"BIG BUREAU CREEK AT PRINCETON, IL",41.3674027777778,-89.4979611111111,5,505.0946,18.076666741714302,0.27135475852860064,0.21585789865698657,0.4055680907890555,0.8261694285161796,0.19386394028637616,0.8707867896040322,8150,829,702,0.0278,0.6862,0.0072,3,1,ft,ft,ft/s,ft^3/s
05563500,USGS-05563500,0713,"KICKAPOO CREEK AT PEORIA, IL",40.6811488458349,-89.6553783183071,5,768.6756,7.395515675901501,0.38630509814314734,0.2325182390900022,0.405426724199489,0.4642174096751294,0.23633339331335845,1.0280652156559948,11600,15,15,0.9683,0.9889,0.9526,3,1,ft,ft,ft/s,ft^3/s
05567500,USGS-05567500,0713,"MACKINAW RIVER NEAR CONGERVILLE, IL",40.6235,-89.2416666666667,5,1982.459,13.136976761756824,0.3463689710653056,0.19446885043208703,0.4290931881746165,0.5684086653946636,0.18873385223495115,0.9641960114748733,17900,426,301,0.6986,0.8919,0.6937,3,1,ft,ft,ft/s,ft^3/s
05568000,USGS-05568000,0713,"MACKINAW RIVER NEAR GREEN VALLEY, IL",40.4546666666667,-89.6061666666667,5,2775.387,24.25040181065068,0.28372103191450093,0.13408834148716456,0.4539565840745204,0.43098152563688485,0.2263517197044741,0.9640293356934954,16400,289,285,0.8409,0.8913,0.7199,3,1,ft,ft,ft/s,ft^3/s
05570000,USGS-05570000,0713,"SPOON RIVER AT SEVILLE, IL",40.4900805555556,-90.3400944444444,6,4241.168,15.842078851873163,0.3148300346454097,0.33954244377722725,0.3893278856627753,0.2337479753890127,0.2770470907387041,0.9812050110468891,34300,468,325,0.6914,0.897,0.8566,3,1,ft,ft,ft/s,ft^3/s
05570910,USGS-05570910,0713,"SANGAMON RIVER AT FISHER, IL",40.3109972222222,-88.3223611111111,5,561.0462,13.671237834815834,0.327557536105359,0.4071243104406618,0.3636646279831165,0.24801475150147134,0.2720644070309331,0.9632865711194085,10300,391,387,0.7819,0.9265,0.8021,3,1,ft,ft,ft/s,ft^3/s
05572000,USGS-05572000,0713,"SANGAMON RIVER AT MONTICELLO, IL",40.0311666666667,-88.5891666666667,5,1426.457,6.531256319702847,0.4796377807500562,1.184079728299559,0.22100232582347792,0.14110029551696388,0.3095550823796127,1.0101951889531469,13600,492,348,0.7875,0.4954,0.7739,3,1,ft,ft,ft/s,ft^3/s
05573540,USGS-05573540,0713,"SANGAMON RIVER AT RT 48 AT DECATUR, IL",39.8311111111111,-88.9763888888889,5,2433.287,11.697505816605139,0.39158735218007795,0.2289345111891089,0.411544628270177,0.4185870164981255,0.19527290429288208,0.998404884743137,20500,356,308,0.8461,0.919,0.729,3,1,ft,ft,ft/s,ft^3/s
05574500,USGS-05574500,0713,"FLAT BRANCH NEAR TAYLORVILLE, IL",39.5525,-89.2538888888889,5,718.1568,3.747613141761149,0.6672054060164873,0.7838566421915586,0.28591279189567087,0.45999999988301915,1.7771222726344376e-18,0.9531181979121581,552,16,11,0.9061,0.8203,0.0,3,1,ft,ft,ft/s,ft^3/s
05576000,USGS-05576000,0713,"SOUTH FORK SANGAMON RIVER NR ROCHESTER, IL",39.7422222222222,-89.5672777777778,5,2243.371,24.123312973505527,0.25544198905539695,0.4546084357013599,0.3968338377820453,0.159059466359227,0.29060416739454614,0.9428799942319883,24100,472,296,0.9319,0.865,0.3225,3,1,ft,ft,ft/s,ft^3/s
05576500,USGS-05576500,0713,"SANGAMON RIVER AT RIVERTON, IL",39.8431277777778,-89.5474777777778,6,6784.395,6.891383572729792,0.44840970059182345,0.4274142009649055,0.34158775185698054,0.41008278472422427,0.19952178884961896,0.9895192412984231,57900,276,266,0.7475,0.8449,0.697,3,1,ft,ft,ft/s,ft^3/s
05578500,USGS-05578500,0713,"SALT CREEK NEAR ROWELL, IL",40.1151694444444,-89.049175,5,862.6382,4.375987643294023,0.4907778735805003,0.6095451710135011,0.30875439201367333,0.38101231326770096,0.22815168178434322,1.0276839473785169,7410,444,315,0.6641,0.3682,0.385,3,1,ft,ft,ft/s,ft^3/s
05581500,USGS-05581500,0713,"SUGAR CREEK NEAR HARTSBURG, IL",40.2222651391229,-89.4034313393511,5,861.4872,12.927255497614508,0.3207615174398006,0.10960678050206868,0.5135472298717221,0.6446654895487253,0.20357802850884596,1.0378867758203687,807,28,28,0.8529,0.8828,0.5464,3,1,ft,ft,ft/s,ft^3/s
05583000,USGS-05583000,0713,"SANGAMON RIVER NEAR OAKFORD, IL",40.1233611111111,-89.9839722222222,7,13263.83,20.265433338094944,0.36032144833296526,0.15207338661189654,0.42136739005443413,0.31948700788679035,0.2314897271028373,1.0131785654902368,69700,500,491,0.574,0.8454,0.8264,3,1,ft,ft,ft/s,ft^3/s
05584500,USGS-05584500,0713,"LA MOINE RIVER AT COLMAR, IL",40.3315277777778,-90.8961944444444,5,1695.671,5.324993948730415,0.44257409358560656,0.8357514547987686,0.2817261129342896,0.21098793559339643,0.30014724571603013,1.0244474522359264,37200,450,296,0.832,0.7397,0.832,3,1,ft,ft,ft/s,ft^3/s
05585000,USGS-05585000,0713,"LA MOINE RIVER AT RIPLEY, IL",40.0250833333333,-90.6310555555555,5,3354.608,12.53588558117046,0.32249857052687947,1.7063303402057441,0.2346434857478132,0.17395012694269466,0.31271645910651447,0.8698585153812072,26600,526,325,0.775,0.0176,0.7237,3,1,ft,ft,ft/s,ft^3/s
05587000,USGS-05587000,0713,"MACOUPIN CREEK NEAR KANE, IL",39.2339444444444,-90.3944444444444,5,2241.334,9.931160185735319,0.3820011928234234,0.5225310945682992,0.3312480394456375,0.35962669133439407,0.23118584754888463,0.9444350798179455,40200,546,417,0.8044,0.742,0.7274,3,1,ft,ft,ft/s,ft^3/s
